"visit_date","utm_source","utm_medium","utm_campaign","total_cost","visitors_count","leads_count","purchases_count","revenue"
2023-06-01,yandex,cpc,freemium,21654.000000000000,103,103,25,1654810
2023-06-01,yandex,cpc,prof-frontend,57138.000000000000,79,79,13,1191100
2023-06-01,yandex,cpc,prof-python,33026.000000000000,63,63,8,680246
2023-06-01,yandex,cpc,base-python,12524.000000000000,31,31,7,476021
2023-06-01,vk,cpc,prof-python,2028.0000000000000000,72,40,5,355564
2023-06-01,vk,cpc,freemium-frontend,3160.0000000000000000,80,43,5,338083
2023-06-01,yandex,cpc,prof-java,29490.000000000000,49,49,4,284590
2023-06-01,yandex,cpc,base-frontend,18061.000000000000,40,40,3,268515
2023-06-01,vk,cpc,prof-java,3115.0000000000000000,51,23,2,232726
2023-06-01,yandex,cpc,prof-data-analytics,10086.0000000000000000,14,14,2,220264
2023-06-01,yandex,cpc,prof-professions-brand,4818.0000000000000000,13,13,3,154287
2023-06-20,telegram,cpp,base-java,,3,1,1,151192
2023-06-01,yandex,cpc,dod-php,5964.0000000000000000,4,4,1,150255
2023-06-01,yandex,cpc,base-professions-retarget,151.0000000000000000,4,4,1,134100
2023-06-07,vk,social,hexlet-blog,,3,1,1,84000
2023-06-01,yandex,cpc,base-java,19252.000000000000,21,21,1,48000
2023-06-01,yandex,cpc,dod-professions,,6,6,1,37800
2023-06-01,vk,cpc,base-python,2537.0000000000000000,59,36,1,9072
2023-06-01,vk,cpc,freemium-python,980.0000000000000000,44,25,1,1560
2023-06-01,vk,cpc,prof-data-analytics,1072.0000000000000000,51,32,0,
2023-06-01,telegram,cpp,base-python,,45,0,0,
2023-06-01,vk,cpc,freemium-java,487.0000000000000000,42,24,0,
2023-06-01,telegram,cpp,base-java,,34,0,0,
2023-06-01,vk,cpc,prof-frontend,,18,8,0,
2023-06-01,tproger,cpc,dod-frontend,,12,0,0,
2023-06-01,yandex,cpc,prof-professions-retarget,1714.0000000000000000,11,11,0,
2023-06-01,vk,cpm,prof-data-analytics,385.0000000000000000,10,6,0,
2023-06-01,vk-senler,cpc,freemium,,8,0,0,
2023-06-01,zen,social,hexlet-blog,,8,0,0,
2023-06-01,zen,social,prof-frontend,,7,0,0,
2023-06-01,telegram,cpp,base-frontend,,5,0,0,
2023-06-01,yandex,cpc,dod-java,2906.0000000000000000,5,5,0,
2023-06-01,zen,social,prof-backend,,4,0,0,
2023-06-01,google,cpc,frontend,,3,0,0,
2023-06-01,telegram,cpp,dod-php,,3,0,0,
2023-06-01,telegram,social,course_completed,,3,0,0,
2023-06-01,vk,cpp,dod-php,,3,0,0,
2023-06-01,yandex,cpc,dod-frontend,2871.0000000000000000,3,3,0,
2023-06-01,yandex,cpc,dod-python-java,,3,3,0,
2023-06-01,telegram,cpp,dod-java,,2,0,0,
2023-06-01,vk,cpp,intensive-python,,2,0,0,
2023-06-01,Yandex,cpc,"03997128",,1,0,0,
2023-06-01,Yandex,cpm,"01097402",,1,0,0,
2023-06-01,telegram,cpp,intensive-python,,1,0,0,
2023-06-01,telegram,cpp,prof-php,,1,0,0,
2023-06-01,telegram,cpp,prof-python,,1,1,0,
2023-06-01,telegram,social,mdtrue*studenty-mnogih-onlayn-kursov-p,,1,0,0,
2023-06-01,twitter,social,devushki_v_it,,1,0,0,
2023-06-01,twitter,social,hexlet-blog,,1,0,0,
2023-06-01,twitter,social,promo,,1,0,0,
2023-06-01,twitter.com,social,buffer,,1,0,0,
2023-06-01,vc,cpp,dod-php,,1,0,0,
2023-06-01,vk,social,all-courses,,1,0,0,
2023-06-01,vk,social,course_completed,,1,0,0,
2023-06-01,vk,social,general,,1,0,0,
2023-06-01,vk,social,hexlet-blog,,1,0,0,
2023-06-01,vk,social,hexlet.io/my,,1,0,0,
2023-06-01,vk-senler,cpc,base-frontend,,1,0,0,
2023-06-02,vk,cpc,prof-python,2032.0000000000000000,240,0,0,
2023-06-02,vk,cpc,prof-java,2783.0000000000000000,216,0,0,
2023-06-02,vk,cpc,freemium-frontend,2538.0000000000000000,207,0,0,
2023-06-02,vk,cpc,prof-data-analytics,4060.0000000000000000,178,0,0,
2023-06-02,vk,cpc,freemium-java,2536.0000000000000000,163,0,0,
2023-06-02,vk,cpc,freemium-python,1739.0000000000000000,143,0,0,
2023-06-02,vk,cpc,base-python,2536.0000000000000000,133,0,0,
2023-06-02,vk,cpc,prof-frontend,,120,0,0,
2023-06-02,tproger,cpc,dod-frontend,,55,0,0,
2023-06-02,telegram,cpp,base-java,,23,0,0,
2023-06-02,vk,cpm,prof-data-analytics,,14,0,0,
2023-06-02,telegram,cpp,base-python,,11,0,0,
2023-06-02,telegram,cpp,dod-java,,10,0,0,
2023-06-02,telegram,cpp,dod-php,,9,0,0,
2023-06-02,vk-senler,cpc,freemium,,9,0,0,
2023-06-02,zen,social,hexlet-blog,,5,0,0,
2023-06-02,vk,cpm,prof-frontend,,4,0,0,
2023-06-02,zen,social,prof-frontend,,3,0,0,
2023-06-02,zen,social,promo,,3,0,0,
2023-06-02,telegram,cpp,prof-frontend,,2,1,0,
2023-06-02,twitter,social,devushki_v_it,,2,0,0,
2023-06-02,vk,cpp,dod-php,,2,0,0,
2023-06-02,vk,social,hexlet-blog,,2,0,0,
2023-06-02,botmother,tg,frontend,,1,0,0,
2023-06-02,facebook,cpm,freemium-en,,1,0,0,
2023-06-02,partners,cpc,prof-python,,1,0,0,
2023-06-02,telegram,cpp,base-frontend,,1,0,0,
2023-06-02,telegram,cpp,prof-python,,1,0,0,
2023-06-02,telegram,social,course_completed,,1,0,0,
2023-06-02,tg,social,newdirections,,1,0,0,
2023-06-02,twitter,social,my-to--chto-my-skrollim-kak-programmistu,,1,0,0,
2023-06-02,vc,cpp,dod-php,,1,0,0,
2023-06-02,vk,cpc,freemium,,1,0,0,
2023-06-02,vk,cpp,base-frontend,,1,0,0,
2023-06-02,vk,social,all-courses,,1,0,0,
2023-06-02,vk,social,base-python,,1,0,0,
2023-06-02,yandex-direct,cpc,"34668848",,1,0,0,
2023-06-02,yandex-direct,cpm,"00788899",,1,0,0,
2023-06-03,vk,cpc,freemium-frontend,2539.0000000000000000,211,0,0,
2023-06-03,tproger,cpc,dod-frontend,,207,0,0,
2023-06-03,vk,cpc,prof-python,2023.0000000000000000,204,0,0,
2023-06-03,vk,cpc,prof-java,2774.0000000000000000,198,0,0,
2023-06-03,vk,cpc,prof-data-analytics,3974.0000000000000000,172,0,0,
2023-06-03,vk,cpc,freemium-java,2656.0000000000000000,148,0,0,
2023-06-03,vk,cpc,freemium-python,1390.0000000000000000,122,0,0,
2023-06-03,vk,cpc,prof-frontend,,122,0,0,
2023-06-03,vk,cpc,base-python,2997.0000000000000000,101,0,0,
2023-06-03,vk-senler,cpc,freemium,,16,1,0,
2023-06-03,telegram,cpp,base-python,,12,0,0,
2023-06-03,vk,cpm,prof-data-analytics,,12,0,0,
2023-06-03,zen,social,promo,,9,0,0,
2023-06-03,telegram,cpp,base-frontend,,6,0,0,
2023-06-03,vk,cpm,prof-frontend,,3,0,0,
2023-06-03,vk,cpp,dod-php,,3,0,0,
2023-06-03,google,cpc,frontend,,2,0,0,
2023-06-03,telegram,cpp,base-java,,2,0,0,
2023-06-03,telegram,cpp,prof-frontend,,2,0,0,
2023-06-03,telegram,social,course_completed,,2,0,0,
2023-06-03,vk,social,hexlet-blog,,2,0,0,
2023-06-03,Yandex,cpc,"02284027",,1,0,0,
2023-06-03,Yandex,cpc,"59988739",,1,0,0,
2023-06-03,Yandex,cpm,"94599791",,1,0,0,
2023-06-03,facebook,cpm,freemium-en,,1,0,0,
2023-06-03,telegram,cpp,dod-java,,1,0,0,
2023-06-03,telegram,cpp,prof-java,,1,0,0,
2023-06-03,telegram,cpp,prof-python,,1,0,0,
2023-06-03,telegram,social,base-java,,1,0,0,
2023-06-03,twitter,social,course_completed,,1,0,0,
2023-06-03,vc,cpp,dod-frontend,,1,0,0,
2023-06-03,vk,cpm,java,,1,0,0,
2023-06-03,vk,social,base-frontend,,1,0,0,
2023-06-03,vk,social,promo,,1,0,0,
2023-06-03,yandex-direct,cpc,"16645437",,1,0,0,
2023-06-03,zen,social,all-courses,,1,0,0,
2023-06-04,vk,cpc,freemium-frontend,2538.0000000000000000,224,0,0,
2023-06-04,vk,cpc,prof-python,2032.0000000000000000,213,0,0,
2023-06-04,vk,cpc,prof-java,1627.0000000000000000,188,0,0,
2023-06-04,tproger,cpc,dod-frontend,,156,0,0,
2023-06-04,vk,cpc,freemium-java,1566.0000000000000000,150,0,0,
2023-06-04,vk,cpc,base-python,2537.0000000000000000,145,0,0,
2023-06-04,vk,cpc,prof-data-analytics,3740.0000000000000000,132,0,0,
2023-06-04,vk,cpc,freemium-python,1305.0000000000000000,130,0,0,
2023-06-04,vk,cpc,prof-frontend,,113,0,0,
2023-06-04,telegram,cpp,base-python,,47,0,0,
2023-06-04,vk,cpm,prof-data-analytics,701.0000000000000000,24,0,0,
2023-06-04,vk,cpm,prof-frontend,,11,0,0,
2023-06-04,telegram,cpp,base-frontend,,10,0,0,
2023-06-04,telegram,cpp,base-java,,9,0,0,
2023-06-04,vk-senler,cpc,freemium,,8,0,0,
2023-06-04,vk,social,hexlet-blog,,4,0,0,
2023-06-04,telegram,cpp,prof-python,,3,0,0,
2023-06-04,vk,cpp,dod-php,,2,0,0,
2023-06-04,vk,social,general,,2,0,0,
2023-06-04,Yandex,cpc,"55670133",,1,0,0,
2023-06-04,admitad,cpc,"183258",,1,0,0,
2023-06-04,dzen,social,dzen_post,,1,0,0,
2023-06-04,instagram,social,prof-php,,1,0,0,
2023-06-04,telegram,cpp,dod-java,,1,1,0,
2023-06-04,telegram,cpp,intensive-python,,1,0,0,
2023-06-04,telegram,cpp,prof-frontend,,1,0,0,
2023-06-04,telegram,social,hexlet-blog,,1,0,0,
2023-06-04,telegram,social,mdtruena-hekslete-poyavilsya-esche-odin-no,,1,0,0,
2023-06-04,telegram,social,special,,1,0,0,
2023-06-04,twitter,social,hexlet-blog,,1,0,0,
2023-06-04,twitter,social,promo,,1,0,0,
2023-06-04,twitter.com,social,svezhiy-vzglyad-na-prohozhdenie-proektov-ot,,1,0,0,
2023-06-04,vk,cpc,php,,1,0,0,
2023-06-04,vk,social,all-courses,,1,0,0,
2023-06-04,vk,social,course_completed,,1,0,0,
2023-06-04,vk,social,prof-qa,,1,0,0,
2023-06-04,zen,social,promo,,1,0,0,
2023-06-05,vk,cpc,freemium-frontend,2538.0000000000000000,192,0,0,
2023-06-05,vk,cpc,prof-java,2022.0000000000000000,191,0,0,
2023-06-05,vk,cpc,prof-python,5077.0000000000000000,182,0,0,
2023-06-05,vk,cpc,prof-data-analytics,3048.0000000000000000,154,0,0,
2023-06-05,vk,cpc,freemium-java,397.0000000000000000,138,0,0,
2023-06-05,vk,cpc,freemium-python,1118.0000000000000000,138,0,0,
2023-06-05,vk,cpc,base-python,1980.0000000000000000,124,0,0,
2023-06-05,vk,cpc,prof-frontend,,110,0,0,
2023-06-05,tproger,cpc,dod-frontend,,49,0,0,
2023-06-05,telegram,cpp,base-python,,31,0,0,
2023-06-05,telegram,cpp,base-frontend,,29,0,0,
2023-06-05,vk,cpm,prof-data-analytics,761.0000000000000000,23,0,0,
2023-06-05,telegram,cpp,base-java,,19,0,0,
2023-06-05,vk-senler,cpc,dod-php,,12,0,0,
2023-06-05,telegram,cpp,dod-java,,5,0,0,
2023-06-05,vk,cpp,dod-php,,5,1,0,
2023-06-05,telegram,cpp,prof-java,,4,0,0,
2023-06-05,telegram,social,hexlet-blog,,4,0,0,
2023-06-05,vk,social,base-python,,4,0,0,
2023-06-05,vk-senler,cpc,freemium,,4,0,0,
2023-06-05,vk,cpm,prof-frontend,,3,0,0,
2023-06-05,vk,social,base-java,,3,0,0,
2023-06-05,telegram,cpp,prof-python,,2,0,0,
2023-06-05,vk,social,all-courses,,2,0,0,
2023-06-05,Yandex,cpc,"16951197",,1,0,0,
2023-06-05,Yandex,cpc,"67652027",,1,0,0,
2023-06-05,facebook,cpc,frontend,,1,0,0,
2023-06-05,google,cpc,frontend,,1,0,0,
2023-06-05,instagram,social,prof-data-analyst,,1,0,0,
2023-06-05,podcast,social,unpack,,1,0,0,
2023-06-05,telegram,cpm,base,,1,0,0,
2023-06-05,telegram,cpm,frontend,,1,0,0,
2023-06-05,telegram,cpp,prof-frontend,,1,0,0,
2023-06-05,telegram,social,course_completed,,1,0,0,
2023-06-05,telegram,social,kak_gumanitariyu_popast-v_it,,1,0,0,
2023-06-05,vc,cpp,dod-php,,1,0,0,
2023-06-05,vk,cpm,base,,1,0,0,
2023-06-05,vk,cpp,dod-frontend,,1,0,0,
2023-06-05,vk,social,base-frontend,,1,0,0,
2023-06-05,vk,social,dod-php,,1,0,0,
2023-06-05,vk,social,hexlet-blog,,1,0,0,
2023-06-05,vk,social,planiruy-uchebu--fokusiruysya-na-protsesse,,1,0,0,
2023-06-05,vk,social,prof-frontend,,1,0,0,
2023-06-05,yandex-direct,cpc,"08062768",,1,0,0,
2023-06-05,zen,social,hexlet-blog,,1,0,0,
2023-06-06,vk,cpc,prof-python,5078.0000000000000000,185,0,0,
2023-06-06,vk,cpc,freemium-frontend,3348.0000000000000000,171,0,0,
2023-06-06,vk,cpc,prof-java,1137.0000000000000000,159,0,0,
2023-06-06,vk,cpc,freemium-java,1916.0000000000000000,139,0,0,
2023-06-06,vk,cpc,prof-data-analytics,3044.0000000000000000,135,0,0,
2023-06-06,vk,cpc,base-python,3301.0000000000000000,122,0,0,
2023-06-06,vk,cpc,prof-frontend,,111,0,0,
2023-06-06,vk,cpc,freemium-python,1854.0000000000000000,104,0,0,
2023-06-06,telegram,cpp,base-frontend,,52,0,0,
2023-06-06,telegram,cpp,base-python,,27,0,0,
2023-06-06,vk-senler,cpc,freemium,,17,0,0,
2023-06-06,telegram,cpp,base-java,,13,0,0,
2023-06-06,vk,cpm,prof-data-analytics,759.0000000000000000,13,0,0,
2023-06-06,tproger,cpc,dod-frontend,,8,0,0,
2023-06-06,vk,cpp,base-frontend,,5,0,0,
2023-06-06,telegram,cpp,dod-java,,4,0,0,
2023-06-06,vk,cpp,dod-php,,4,1,0,
2023-06-06,vk,social,base-java,,4,0,0,
2023-06-06,telegram,cpp,prof-java,,3,0,0,
2023-06-06,telegram,cpp,prof-python,,3,0,0,
2023-06-06,vk,cpc,freemium,,3,0,0,
2023-06-06,vk,social,general,,3,0,0,
2023-06-06,vk,social,prof-frontend,,3,0,0,
2023-06-06,google,cpc,frontend,,2,0,0,
2023-06-06,telegram,social,course_completed,,2,0,0,
2023-06-06,admitad,cpc,"183258",,1,0,0,
2023-06-06,instagram,social,all-courses,,1,0,0,
2023-06-06,slack,social,base_alg,,1,0,0,
2023-06-06,telegram,cpm,python,,1,0,0,
2023-06-06,telegram,cpp,base-php,,1,0,0,
2023-06-06,telegram,cpp,prof-data-analytics,,1,0,0,
2023-06-06,telegram,cpp,prof-frontend,,1,0,0,
2023-06-06,twitter,social,course_completed,,1,0,0,
2023-06-06,vc,cpp,dod-frontend,,1,1,0,
2023-06-06,vk,social,all-courses,,1,0,0,
2023-06-06,vk,social,base-python,,1,0,0,
2023-06-06,vk,social,dod-frontend,,1,0,0,
2023-06-06,vk,social,dod-php,,1,0,0,
2023-06-06,vk,social,dod-professions,,1,0,0,
2023-06-06,vk,social,hexlet-blog,,1,1,0,
2023-06-06,vk,social,hexlet.io/my,,1,1,0,
2023-06-06,vk,social,kak-dzhunu-napisat-soprovoditelnoe-pis,,1,0,0,
2023-06-06,vk,social,prof-rails,,1,0,0,
2023-06-06,vk-senler,cpc,dod-php,,1,0,0,
2023-06-06,vk.com,social,na-hekslete-poyavilas-novaya-professiya-v,,1,0,0,
2023-06-06,yandex-direct,cpc,"68583881",,1,0,0,
2023-06-07,vk,cpc,prof-python,5079.0000000000000000,190,0,0,
2023-06-07,vk,cpc,freemium-frontend,2535.0000000000000000,169,0,0,
2023-06-07,vk,cpc,prof-java,1126.0000000000000000,166,0,0,
2023-06-07,vk,cpc,freemium-java,2532.0000000000000000,113,0,0,
2023-06-07,vk,cpc,freemium-python,2916.0000000000000000,111,0,0,
2023-06-07,vk,cpc,prof-data-analytics,3048.0000000000000000,110,0,0,
2023-06-07,vk,cpc,base-python,2516.0000000000000000,107,0,0,
2023-06-07,vk,cpc,prof-frontend,,94,0,0,
2023-06-07,telegram,cpp,base-frontend,,37,0,0,
2023-06-07,vk-senler,cpc,freemium,,17,0,0,
2023-06-07,telegram,cpp,base-python,,15,0,0,
2023-06-07,vk,cpm,prof-data-analytics,762.0000000000000000,12,0,0,
2023-06-07,telegram,cpp,dod-java,,9,1,0,
2023-06-07,tproger,cpc,dod-frontend,,9,0,0,
2023-06-07,vk,cpp,base-frontend,,9,0,0,
2023-06-07,telegram,cpp,prof-java,,7,2,0,
2023-06-07,vk,social,base-python,,7,0,0,
2023-06-07,telegram,cpp,base-java,,4,0,0,
2023-06-07,telegram,cpp,prof-python,,2,0,0,
2023-06-07,vk,social,base-java,,2,0,0,
2023-06-07,vk,social,general,,2,0,0,
2023-06-07,vk,social,prof-python,,2,0,0,
2023-06-07,botmother,tg,frontend,,1,0,0,
2023-06-07,facebook,cpc,python,,1,0,0,
2023-06-07,facebook,social,course_completed,,1,0,0,
2023-06-07,instagram,social,hexlet-blog,,1,0,0,
2023-06-07,instagram,social,taplink,,1,0,0,
2023-06-07,public,social,open_lectures23,,1,0,0,
2023-06-07,telegram,cpm,java,,1,0,0,
2023-06-07,telegram,cpp,dod-frontend,,1,0,0,
2023-06-07,telegram,cpp,prof-frontend,,1,0,0,
2023-06-07,telegram,social,base-python,,1,0,0,
2023-06-07,telegram,social,promo,,1,0,0,
2023-06-07,telegram,social,,,1,0,0,
2023-06-07,vk,cpc,frontend,,1,0,0,
2023-06-07,vk,cpm,prof-frontend,,1,0,0,
2023-06-07,vk,social,all-courses,,1,0,0,
2023-06-07,vk,social,prof-frontend,,1,0,0,
2023-06-07,vk-senler,cpc,dod-frontend,,1,0,0,
2023-06-07,yandex-direct,cpc,"51752512",,1,0,0,
2023-06-07,zen,social,prof-frontend,,1,0,0,
2023-06-08,vk,cpc,freemium-frontend,2575.0000000000000000,193,0,0,
2023-06-08,vk,cpc,prof-python,5076.0000000000000000,188,0,0,
2023-06-08,vk,cpc,prof-java,1594.0000000000000000,172,0,0,
2023-06-08,vk,cpc,prof-data-analytics,3013.0000000000000000,135,0,0,
2023-06-08,vk,cpc,freemium-java,2531.0000000000000000,124,0,0,
2023-06-08,vk,cpc,prof-frontend,592.0000000000000000,117,0,0,
2023-06-08,vk,cpc,base-python,1009.0000000000000000,111,0,0,
2023-06-08,vk,cpc,freemium-python,2532.0000000000000000,108,0,0,
2023-06-08,timepad,cpp,base-frontend,,44,0,0,
2023-06-08,telegram,cpp,base-frontend,,21,0,0,
2023-06-08,telegram,cpp,prof-python,,20,1,0,
2023-06-08,vk,cpm,prof-data-analytics,762.0000000000000000,17,0,0,
2023-06-08,vk,cpp,base-frontend,,15,0,0,
2023-06-08,vk-senler,cpc,freemium,,12,0,0,
2023-06-08,tproger,cpc,dod-frontend,,11,0,0,
2023-06-08,telegram,cpp,base-python,,7,0,0,
2023-06-08,telegram,cpp,dod-frontend,,3,1,0,
2023-06-08,telegram,cpp,prof-java,,3,0,0,
2023-06-08,vk,cpm,prof-frontend,0.00000000000000000000,3,0,0,
2023-06-08,vk,social,general,,3,0,0,
2023-06-08,vk,social,hexlet-blog,,3,0,0,
2023-06-08,telegram,cpp,dod-java,,2,1,0,
2023-06-08,facebook.com,social,buffer,,1,0,0,
2023-06-08,telegram,cpp,base-java,,1,0,0,
2023-06-08,telegram,cpp,dod-php,,1,0,0,
2023-06-08,telegram,cpp,prof-frontend,,1,0,0,
2023-06-08,telegram,social,course_completed,,1,0,0,
2023-06-08,telegram,social,hexlet-blog,,1,0,0,
2023-06-08,telegram,social,mdtruehaskell--funktsionalnyy-yazyk,,1,0,0,
2023-06-08,vk,cpc,php,,1,0,0,
2023-06-08,vk,cpm,php,,1,0,0,
2023-06-08,vk,cpp,dod-career,,1,0,0,
2023-06-08,vk,cpp,intensive-python,,1,0,0,
2023-06-08,vk,social,prof-data-analytics,,1,0,0,
2023-06-08,vk-senler,cpc,dod-frontend,,1,0,0,
2023-06-08,vk-senler,cpc,dod-professions,,1,0,0,
2023-06-08,zen,social,all-courses,,1,0,0,
2023-06-08,zen,social,hexlet-blog,,1,0,0,
2023-06-08,zen,social,prof-data-analytics,,1,0,0,
2023-06-09,vk,cpc,prof-python,5077.0000000000000000,182,0,0,
2023-06-09,vk,cpc,freemium-frontend,2534.0000000000000000,181,0,0,
2023-06-09,vk,cpc,prof-java,4610.0000000000000000,161,0,0,
2023-06-09,vk,cpc,prof-data-analytics,4502.0000000000000000,160,0,0,
2023-06-09,vk,cpc,freemium-python,2533.0000000000000000,120,0,0,
2023-06-09,vk,cpc,prof-frontend,5077.0000000000000000,112,1,0,
2023-06-09,vk,cpc,freemium-java,2533.0000000000000000,108,0,0,
2023-06-09,vk,cpc,base-python,,105,0,0,
2023-06-09,timepad,cpp,base-frontend,,32,0,0,
2023-06-09,telegram,cpp,base-frontend,,15,0,0,
2023-06-09,vk,cpm,prof-data-analytics,64.0000000000000000,11,0,0,
2023-06-09,vk-senler,cpc,freemium,,9,0,0,
2023-06-09,tproger,cpc,dod-frontend,,7,0,0,
2023-06-09,vk,cpp,base-frontend,,7,0,0,
2023-06-09,vk,cpm,prof-frontend,,5,0,0,
2023-06-09,telegram,cpp,dod-frontend,,3,0,0,
2023-06-09,telegram,cpp,prof-python,,3,0,0,
2023-06-09,telegram,cpp,base-java,,2,0,0,
2023-06-09,telegram,cpp,prof-frontend,,2,0,0,
2023-06-09,telegram,cpp,prof-java,,2,1,0,
2023-06-09,vk,social,all-courses,,2,0,0,
2023-06-09,vk,social,base-frontend,,2,0,0,
2023-06-09,Yandex,cpc,"42790821",,1,0,0,
2023-06-09,Yandex,cpc,"87255026",,1,0,0,
2023-06-09,mytarget,cpc,freemium,,1,0,0,
2023-06-09,rutube,social,all-courses,,1,0,0,
2023-06-09,telegram,social,hexlet-blog,,1,0,0,
2023-06-09,telegram,social,kak-gumanitariy-stal-bekend-razrabotchiko,,1,0,0,
2023-06-09,telegram.me,social,klassicheskaya-zadachka-fizzbuzz-na-hekslet,,1,0,0,
2023-06-09,telegram.me,social,na-hekslet-poyavilis-novye-ispytaniya-v-k,,1,0,0,
2023-06-09,twitter,social,devushki_v_it,,1,0,0,
2023-06-09,vk,social,base-python,,1,0,0,
2023-06-09,vk,social,dod-frontend,,1,0,0,
2023-06-09,vk,social,dod-php,,1,0,0,
2023-06-10,vk,cpc,prof-python,5458.0000000000000000,163,0,0,
2023-06-10,vk,cpc,freemium-frontend,2536.0000000000000000,155,0,0,
2023-06-10,vk,cpc,prof-java,3743.0000000000000000,150,0,0,
2023-06-10,vk,cpc,freemium-python,2536.0000000000000000,143,0,0,
2023-06-10,vk,cpc,prof-data-analytics,4220.0000000000000000,130,0,0,
2023-06-10,vk,cpc,base-python,,119,0,0,
2023-06-10,vk,cpc,freemium-java,2537.0000000000000000,107,0,0,
2023-06-10,vk,cpc,prof-frontend,5458.0000000000000000,96,0,0,
2023-06-10,vk-senler,cpc,freemium,,13,0,0,
2023-06-10,vk,cpm,prof-data-analytics,,12,0,0,
2023-06-10,telegram,cpp,base-frontend,,8,0,0,
2023-06-10,timepad,cpp,base-frontend,,6,0,0,
2023-06-10,vk,cpm,prof-frontend,,5,0,0,
2023-06-10,google,cpc,frontend,,2,0,0,
2023-06-10,vk,cpm,base,,2,0,0,
2023-06-10,vk,social,all-courses,,2,0,0,
2023-06-10,facebook,social,course_completed,,1,0,0,
2023-06-10,telegram,cpp,base-java,,1,0,0,
2023-06-10,telegram,cpp,base-python,,1,0,0,
2023-06-10,telegram,cpp,dod-frontend,,1,0,0,
2023-06-10,telegram,cpp,intensive-python,,1,0,0,
2023-06-10,telegram,cpp,prof-python,,1,0,0,
2023-06-10,telegram,social,glavnye-instrumenty--servisy-i-podhody,,1,0,0,
2023-06-10,telegram,social,hexlet-blog,,1,0,0,
2023-06-10,telegram,social,typescript,,1,0,0,
2023-06-10,twitter,social,promo,,1,0,0,
2023-06-10,vk,cpc,freemium,,1,0,0,
2023-06-10,vk,cpc,frontend,,1,0,0,
2023-06-10,vk,cpc,yaintern,,1,0,0,
2023-06-10,vk,cpp,base-frontend,,1,0,0,
2023-06-10,vk,social,hexlet-blog,,1,0,0,
2023-06-10,zen,social,hexlet,,1,0,0,
2023-06-11,vk,cpc,freemium-frontend,2533.0000000000000000,211,0,0,
2023-06-11,vk,cpc,prof-python,5076.0000000000000000,186,0,0,
2023-06-11,vk,cpc,prof-java,3781.0000000000000000,147,0,0,
2023-06-11,vk,cpc,prof-data-analytics,4569.0000000000000000,141,0,0,
2023-06-11,vk,cpc,freemium-java,2916.0000000000000000,126,0,0,
2023-06-11,vk,cpc,prof-frontend,5458.0000000000000000,123,0,0,
2023-06-11,vk,cpc,base-python,,115,0,0,
2023-06-11,vk,cpc,freemium-python,2536.0000000000000000,112,0,0,
2023-06-11,vk,cpm,prof-data-analytics,,14,0,0,
2023-06-11,vk-senler,cpc,freemium,,10,0,0,
2023-06-11,telegram,cpp,base-frontend,,6,0,0,
2023-06-11,vk,cpp,dod-frontend,,6,0,0,
2023-06-11,vk,cpm,prof-frontend,,4,0,0,
2023-06-11,vk,social,all-courses,,2,0,0,
2023-06-11,vk,social,base-python,,2,0,0,
2023-06-11,vk,social,general,,2,0,0,
2023-06-11,vk,social,hexlet-blog,,2,0,0,
2023-06-11,google,cpc,freemium,,1,0,0,
2023-06-11,google,cpc,frontend,,1,0,0,
2023-06-11,telegram,cpm,base_python,,1,0,0,
2023-06-11,telegram,cpp,prof-frontend,,1,0,0,
2023-06-11,timepad,cpp,base-frontend,,1,0,0,
2023-06-11,vk,cpc,java,,1,0,0,
2023-06-11,vk,cpp,base-frontend,,1,0,0,
2023-06-12,vk,cpc,prof-python,5202.0000000000000000,197,0,0,
2023-06-12,vk,cpc,freemium-frontend,3170.0000000000000000,184,0,0,
2023-06-12,vk,cpc,prof-java,4105.0000000000000000,170,0,0,
2023-06-12,vk,cpc,prof-data-analytics,4187.0000000000000000,161,0,0,
2023-06-12,vk,cpc,freemium-java,4822.0000000000000000,133,0,0,
2023-06-12,vk,cpc,base-python,,123,0,0,
2023-06-12,vk,cpc,freemium-python,2536.0000000000000000,121,0,0,
2023-06-12,vk,cpc,prof-frontend,5078.0000000000000000,113,0,0,
2023-06-12,vk-senler,cpc,freemium,,24,0,0,
2023-06-12,telegram,cpp,base-frontend,,18,0,0,
2023-06-12,vk,cpm,prof-data-analytics,,14,0,0,
2023-06-12,vk,cpm,prof-frontend,,6,0,0,
2023-06-12,timepad,cpp,base-frontend,,4,0,0,
2023-06-12,vk,cpp,base-frontend,,4,0,0,
2023-06-12,telegram,cpp,base-python,,3,0,0,
2023-06-12,telegram,cpp,dod-frontend,,3,0,0,
2023-06-12,vk,social,prof-rails,,3,0,0,
2023-06-12,telegram,cpp,base-java,,2,0,0,
2023-06-12,vk,cpm,base_python,,2,0,0,
2023-06-12,vk,cpp,dod-frontend,,2,0,0,
2023-06-12,vk,social,hexlet-blog,,2,0,0,
2023-06-12,Yandex,cpm,"25530592",,1,0,0,
2023-06-12,facebook,social,how-to-sleep,,1,0,0,
2023-06-12,facebook.com,social,mozhno-li-ustroitsya-na-rabotu-posle-heks,,1,0,0,
2023-06-12,google,cpc,freemium,,1,0,0,
2023-06-12,instagram,social,base-java,,1,0,0,
2023-06-12,telegram,social,promo,,1,0,0,
2023-06-12,tg,social,codecamp,,1,0,0,
2023-06-12,twitter,social,devushki_v_it,,1,0,0,
2023-06-12,vk,cpp,intensive-python,,1,0,0,
2023-06-12,vk,social,base-java,,1,0,0,
2023-06-12,vk,social,base-python,,1,0,0,
2023-06-12,vk,social,general,,1,0,0,
2023-06-12,vk,social,prof-python,,1,0,0,
2023-06-12,vk,social,promo,,1,0,0,
2023-06-12,yandex-direct,cpc,"96566756",,1,0,0,
2023-06-13,yandex,cpc,freemium,18523.000000000000,138,0,0,
2023-06-13,yandex,cpc,prof-frontend,62685.000000000000,105,0,0,
2023-06-13,yandex,cpc,prof-python,43241.000000000000,104,0,0,
2023-06-13,yandex,cpc,prof-java,36520.000000000000,83,0,0,
2023-06-13,vk,cpc,prof-python,5202.0000000000000000,66,0,0,
2023-06-13,vk,cpc,freemium-frontend,2746.0000000000000000,62,1,0,
2023-06-13,vk,cpc,freemium-java,2377.0000000000000000,57,0,0,
2023-06-13,vk,cpc,freemium-python,2538.0000000000000000,52,0,0,
2023-06-13,vk,cpc,prof-data-analytics,4188.0000000000000000,49,0,0,
2023-06-13,vk,cpc,prof-java,4350.0000000000000000,47,1,0,
2023-06-13,vk,cpc,base-python,,41,0,0,
2023-06-13,yandex,cpc,base-java,,41,0,0,
2023-06-13,vk,cpc,prof-frontend,5459.0000000000000000,37,0,0,
2023-06-13,yandex,cpc,base-python,,35,0,0,
2023-06-13,yandex,cpc,prof-professions-brand,3574.0000000000000000,33,0,0,
2023-06-13,yandex,cpc,base-frontend,10232.0000000000000000,29,0,0,
2023-06-13,telegram,cpp,base-frontend,,21,0,0,
2023-06-13,yandex,cpc,prof-professions-retarget,604.0000000000000000,18,0,0,
2023-06-13,yandex,cpc,prof-data-analytics,6033.0000000000000000,17,0,0,
2023-06-13,telegram,cpp,prof-python,,13,0,0,
2023-06-13,vk-senler,cpc,freemium,,12,0,0,
2023-06-13,yandex,cpc,dod-professions,3905.0000000000000000,12,0,0,
2023-06-13,yandex,cpc,dod-frontend,4123.0000000000000000,10,0,0,
2023-06-13,yandex,cpc,dod-python-java,,9,0,0,
2023-06-13,telegram,cpp,prof-java,,8,0,0,
2023-06-13,yandex,cpc,base-professions-retarget,808.0000000000000000,5,0,0,
2023-06-13,vk,cpm,prof-data-analytics,,4,0,0,
2023-06-13,yandex,cpc,dod-java,,4,0,0,
2023-06-13,telegram,cpp,prof-frontend,,3,0,0,
2023-06-13,timepad,cpp,base-frontend,,3,0,0,
2023-06-13,yandex,cpc,dod-php,,3,0,0,
2023-06-13,vk,cpp,dod-frontend,,2,0,0,
2023-06-13,vk,social,base-frontend,,2,0,0,
2023-06-13,vk,social,base-python,,2,0,0,
2023-06-13,vk,social,hexlet-blog,,2,0,0,
2023-06-13,yandex,cpc,dod-qa,,2,0,0,
2023-06-13,Yandex,cpc,"80100720",,1,0,0,
2023-06-13,facebook,cpc,python,,1,0,0,
2023-06-13,facebook,social,hexlet-blog,,1,0,0,
2023-06-13,facebook,social,my-sozdali-kurs-osnovy-redis-pro-rabot,,1,0,0,
2023-06-13,telegram,cpm,base_java,,1,0,0,
2023-06-13,telegram,cpp,base-java,,1,0,0,
2023-06-13,telegram,cpp,base-python,,1,0,0,
2023-06-13,telegram,cpp,dod-php,,1,0,0,
2023-06-13,telegram,social,course_completed,,1,0,0,
2023-06-13,vc,cpp,dod-frontend,,1,0,0,
2023-06-13,vc,cpp,dod-professions,,1,0,0,
2023-06-13,vk,cpc,base,,1,0,0,
2023-06-13,vk,cpc,dod-professions,,1,0,0,
2023-06-13,vk,cpm,prof-frontend,,1,0,0,
2023-06-13,vk,cpp,base-frontend,,1,0,0,
2023-06-13,vk,cpp,dod-php,,1,0,0,
2023-06-13,vk,cpp,intensive-python,,1,0,0,
2023-06-13,vk,social,all-courses,,1,0,0,
2023-06-13,vk,social,english-soft,,1,0,0,
2023-06-13,vk,social,general,,1,0,0,
2023-06-13,vk,social,hexlet.io/my,,1,0,0,
2023-06-13,vk,social,prof-rails,,1,0,0,
2023-06-13,zen,social,all-courses,,1,0,0,
2023-06-14,yandex,cpc,freemium,18752.000000000000,215,0,0,
2023-06-14,yandex,cpc,prof-python,41766.000000000000,170,0,0,
2023-06-14,yandex,cpc,prof-frontend,70624.000000000000,165,0,0,
2023-06-14,yandex,cpc,prof-java,37151.000000000000,163,0,0,
2023-06-14,yandex,cpc,base-java,,57,0,0,
2023-06-14,yandex,cpc,base-python,,53,0,0,
2023-06-14,yandex,cpc,prof-professions-brand,3580.0000000000000000,49,0,0,
2023-06-14,timepad,cpp,base-frontend,,43,0,0,
2023-06-14,yandex,cpc,base-frontend,,42,0,0,
2023-06-14,yandex,cpc,prof-data-analytics,8854.0000000000000000,32,0,0,
2023-06-14,yandex,cpc,prof-professions-retarget,694.0000000000000000,27,0,0,
2023-06-14,telegram,social,dod-professions,,21,3,0,
2023-06-14,vk-senler,cpc,freemium,,15,0,0,
2023-06-14,yandex,cpc,dod-frontend,984.0000000000000000,15,0,0,
2023-06-14,telegram,cpp,prof-python,,13,0,0,
2023-06-14,telegram,cpp,base-frontend,,12,0,0,
2023-06-14,yandex,cpc,dod-java,,12,0,0,
2023-06-14,yandex,cpc,dod-professions,1471.0000000000000000,12,0,0,
2023-06-14,vk,cpc,prof-data-analytics,4189.0000000000000000,10,0,0,
2023-06-14,vk,cpc,freemium-frontend,2479.0000000000000000,8,0,0,
2023-06-14,vk,cpc,freemium-python,2895.0000000000000000,8,0,0,
2023-06-14,yandex,cpc,base-professions-retarget,722.0000000000000000,8,0,0,
2023-06-14,yandex,cpc,dod-php,,8,0,0,
2023-06-14,vk,cpp,dod-frontend,,7,0,0,
2023-06-14,yandex,cpc,dod-python-java,909.0000000000000000,7,0,0,
2023-06-14,yandex,cpc,dod-qa,,7,0,0,
2023-06-14,vk,cpc,prof-frontend,5077.0000000000000000,5,0,0,
2023-06-14,vk,cpc,prof-java,4112.0000000000000000,5,0,0,
2023-06-14,vk,cpc,prof-python,5074.0000000000000000,5,0,0,
2023-06-14,vk,social,dod-professions,,4,0,0,
2023-06-14,telegram,cpp,base-python,,3,0,0,
2023-06-14,telegram,cpp,prof-java,,3,0,0,
2023-06-14,vc,cpp,dod-frontend,,3,2,0,
2023-06-14,vk,social,base-python,,3,0,0,
2023-06-14,vk,social,hexlet-blog,,2,0,0,
2023-06-14,vk,social,prof-python,,2,0,0,
2023-06-14,vk-senler,cpc,dod-frontend,,2,0,0,
2023-06-14,facebook,cpc,freemium.ua-by,,1,0,0,
2023-06-14,mytarget,cpc,freemium,,1,0,0,
2023-06-14,telegram,cpp,dod-frontend,,1,0,0,
2023-06-14,telegram,cpp,dod-php,,1,0,0,
2023-06-14,telegram,cpp,prof-frontend,,1,0,0,
2023-06-14,telegram,social,hexlet-blog,,1,0,0,
2023-06-14,telegram,social,mdtruehaskell--funktsionalnyy-yazyk,,1,0,0,
2023-06-14,telegram,social,promo,,1,0,0,
2023-06-14,twitter,social,"51-letniy-student-heksleta-dmitriy-rassk",,1,0,0,
2023-06-14,vk,social,all-courses,,1,0,0,
2023-06-14,vk,social,dod-frontend,,1,0,0,
2023-06-14,vk,social,general,,1,0,0,
2023-06-14,vk-senler,cpc,dod-professions,,1,0,0,
2023-06-14,yandex-direct,cpc,"19183657",,1,0,0,
2023-06-14,zen,social,prof-frontend,,1,0,0,
2023-06-15,yandex,cpc,freemium,15317.000000000000,238,0,0,
2023-06-15,yandex,cpc,prof-frontend,69171.000000000000,164,0,0,
2023-06-15,yandex,cpc,prof-python,41982.000000000000,156,0,0,
2023-06-15,yandex,cpc,prof-java,34902.000000000000,130,0,0,
2023-06-15,yandex,cpc,base-java,,61,0,0,
2023-06-15,yandex,cpc,base-python,,49,0,0,
2023-06-15,yandex,cpc,prof-professions-brand,5511.0000000000000000,49,0,0,
2023-06-15,yandex,cpc,base-frontend,,38,0,0,
2023-06-15,yandex,cpc,prof-data-analytics,6556.0000000000000000,28,0,0,
2023-06-15,yandex,cpc,prof-professions-retarget,1290.0000000000000000,27,0,0,
2023-06-15,yandex,cpc,dod-frontend,908.0000000000000000,20,0,0,
2023-06-15,yandex,cpc,dod-professions,3925.0000000000000000,17,0,0,
2023-06-15,vk-senler,cpc,freemium,,14,0,0,
2023-06-15,telegram,cpp,base-frontend,,12,0,0,
2023-06-15,yandex,cpc,dod-python-java,4554.0000000000000000,10,0,0,
2023-06-15,vk,cpc,freemium-python,2536.0000000000000000,9,0,0,
2023-06-15,vk,cpc,prof-data-analytics,4564.0000000000000000,9,0,0,
2023-06-15,yandex,cpc,base-professions-retarget,,8,0,0,
2023-06-15,yandex,cpc,dod-java,,8,0,0,
2023-06-15,vk,cpc,freemium-frontend,2534.0000000000000000,7,0,0,
2023-06-15,yandex,cpc,dod-qa,,7,0,0,
2023-06-15,telegram,cpp,prof-python,,6,0,0,
2023-06-15,vk,cpc,freemium-java,2538.0000000000000000,6,0,0,
2023-06-15,vk,cpc,prof-java,4264.0000000000000000,6,0,0,
2023-06-15,yandex,cpc,dod-php,,6,0,0,
2023-06-15,telegram,cpp,prof-java,,5,0,0,
2023-06-15,vk,cpc,prof-frontend,4688.0000000000000000,5,1,0,
2023-06-15,telegram,social,dod-professions,,3,0,0,
2023-06-15,vk,cpc,prof-python,5837.0000000000000000,3,0,0,
2023-06-15,vk,cpp,dod-frontend,,3,0,0,
2023-06-15,vk,social,all-courses,,3,0,0,
2023-06-15,vk,social,hexlet-blog,,3,0,0,
2023-06-15,dzen,social,dzen_post,,2,1,0,
2023-06-15,telegram,cpp,base-java,,2,0,0,
2023-06-15,telegram,social,course_completed,,2,0,0,
2023-06-15,vk,cpp,base-frontend,,2,0,0,
2023-06-15,vk-senler,cpc,dod-frontend,,2,0,0,
2023-06-15,dzen,social,dzen-post,,1,0,0,
2023-06-15,facebook,cpc,python,,1,0,0,
2023-06-15,instagram,social,all-courses,,1,0,0,
2023-06-15,podcast,social,all-courses,,1,0,0,
2023-06-15,slack,social,hexlet,,1,0,0,
2023-06-15,telegram,cpm,java,,1,0,0,
2023-06-15,telegram,cpp,dod-frontend,,1,0,0,
2023-06-15,telegram,cpp,prof-frontend,,1,0,0,
2023-06-15,telegram,social,prof-qa,,1,0,0,
2023-06-15,telegram,social,webinars,,1,0,0,
2023-06-15,timepad,cpp,base-frontend,,1,0,0,
2023-06-15,twitter,social,grokaem_algoritmy,,1,0,0,
2023-06-15,twitter,social,oop-i-arhitektura-koda-kirill-mokevni,,1,0,0,
2023-06-15,twitter,social,podrobno-rasskazyvaem--pochemu-pleysholde,,1,0,0,
2023-06-15,twitter.com,social,istorii-uspeha-nashih-uchenikov-i-vypuskni,,1,0,0,
2023-06-15,vc,cpp,dod-professions,,1,0,0,
2023-06-15,vk,cpc,yaintern,,1,0,0,
2023-06-15,vk,social,base-python,,1,0,0,
2023-06-15,vk,social,dod-professions,,1,0,0,
2023-06-15,vkontakte,social,button-vk,,1,0,0,
2023-06-15,zen,social,all-courses,,1,0,0,
2023-06-16,yandex,cpc,freemium,17913.000000000000,233,0,0,
2023-06-16,yandex,cpc,prof-python,39215.000000000000,168,0,0,
2023-06-16,yandex,cpc,prof-frontend,58935.000000000000,137,0,0,
2023-06-16,yandex,cpc,prof-java,36459.000000000000,112,0,0,
2023-06-16,yandex,cpc,base-java,,59,0,0,
2023-06-16,yandex,cpc,base-python,,51,0,0,
2023-06-16,yandex,cpc,prof-professions-brand,5794.0000000000000000,48,0,0,
2023-06-16,yandex,cpc,base-frontend,,44,0,0,
2023-06-16,yandex,cpc,prof-data-analytics,5576.0000000000000000,39,0,0,
2023-06-16,yandex,cpc,prof-professions-retarget,1085.0000000000000000,35,0,0,
2023-06-16,yandex,cpc,dod-frontend,,22,0,0,
2023-06-16,yandex,cpc,dod-professions,3077.0000000000000000,15,0,0,
2023-06-16,vk,cpc,prof-data-analytics,4594.0000000000000000,13,0,0,
2023-06-16,vk,cpc,prof-python,5838.0000000000000000,13,1,0,
2023-06-16,yandex,cpc,dod-java,,12,0,0,
2023-06-16,vk-senler,cpc,freemium,,11,0,0,
2023-06-16,yandex,cpc,base-professions-retarget,,10,0,0,
2023-06-16,telegram,cpp,base-frontend,,9,0,0,
2023-06-16,vk,cpc,prof-java,4427.0000000000000000,9,1,0,
2023-06-16,vk,cpc,prof-frontend,5458.0000000000000000,8,1,0,
2023-06-16,vk,cpc,freemium-java,2398.0000000000000000,7,0,0,
2023-06-16,yandex,cpc,dod-php,,6,0,0,
2023-06-16,telegram,cpp,prof-python,,5,0,0,
2023-06-16,vk,cpc,freemium-python,2537.0000000000000000,5,0,0,
2023-06-16,yandex,cpc,dod-python-java,3259.0000000000000000,5,0,0,
2023-06-16,yandex,cpc,dod-qa,,5,0,0,
2023-06-16,telegram,social,dod-professions,,4,1,0,
2023-06-16,vk,cpc,freemium-frontend,2535.0000000000000000,4,0,0,
2023-06-16,telegram,cpp,prof-java,,3,0,0,
2023-06-16,vk,social,base-python,,3,0,0,
2023-06-16,telegram,cpp,dod-java,,2,0,0,
2023-06-16,vk,cpc,php,,2,0,0,
2023-06-16,vk,social,dod-professions,,2,0,0,
2023-06-16,vk,social,prof-python,,2,0,0,
2023-06-16,admitad,cpc,"183258",,1,0,0,
2023-06-16,instagram,social,base-python,,1,0,0,
2023-06-16,instagram,social,promo,,1,0,0,
2023-06-16,slack,social,hexlet,,1,0,0,
2023-06-16,telegram,cpm,java,,1,0,0,
2023-06-16,telegram,cpp,base-java,,1,0,0,
2023-06-16,telegram,cpp,prof-frontend,,1,0,0,
2023-06-16,telegram,social,course_completed,,1,0,0,
2023-06-16,telegram –≠—Ç–æ—Ç –∫—É—Ä—Å –ø–æ–±–µ–∂–¥—ë–Ω! üí™üí™üí™ –ë—ã–ª–æ –∫—Ä—É—Ç–æ! üöÄ,social,course_completed,,1,0,0,
2023-06-16,timepad,cpp,base-frontend,,1,0,0,
2023-06-16,twitter,social,all-courses,,1,0,0,
2023-06-16,twitter,social,v-etoy-statie-my-dadim-neskolko-sovetov,,1,0,0,
2023-06-16,twitter,social,v-kontse-yanvarya-praktika-heksleta-ne-rabo,,1,0,0,
2023-06-16,vk,cpc,prof-php,,1,0,0,
2023-06-16,vk,cpc,yaintern,,1,0,0,
2023-06-16,vk,cpm,base,,1,0,0,
2023-06-16,vk,cpp,dod-frontend,,1,0,0,
2023-06-16,vk,social,all-courses,,1,0,0,
2023-06-16,vk,social,base-frontend,,1,0,0,
2023-06-16,vk,social,dod-frontend,,1,0,0,
2023-06-16,vk,social,general,,1,0,0,
2023-06-17,yandex,cpc,freemium,14413.000000000000,200,0,0,
2023-06-17,yandex,cpc,prof-python,45139.000000000000,174,0,0,
2023-06-17,yandex,cpc,prof-frontend,59871.000000000000,132,0,0,
2023-06-17,yandex,cpc,prof-java,27510.000000000000,131,0,0,
2023-06-17,yandex,cpc,base-python,,63,0,0,
2023-06-17,yandex,cpc,prof-professions-brand,3878.0000000000000000,58,0,0,
2023-06-17,yandex,cpc,base-java,,43,0,0,
2023-06-17,yandex,cpc,base-frontend,,39,0,0,
2023-06-17,yandex,cpc,prof-data-analytics,7663.0000000000000000,34,0,0,
2023-06-17,yandex,cpc,dod-professions,4770.0000000000000000,25,0,0,
2023-06-17,yandex,cpc,prof-professions-retarget,1103.0000000000000000,22,0,0,
2023-06-17,vk-senler,cpc,freemium,,15,0,0,
2023-06-17,yandex,cpc,dod-frontend,,13,0,0,
2023-06-17,yandex,cpc,dod-php,,11,0,0,
2023-06-17,yandex,cpc,dod-qa,,11,0,0,
2023-06-17,yandex,cpc,dod-python-java,2138.0000000000000000,9,0,0,
2023-06-17,telegram,cpp,base-frontend,,8,0,0,
2023-06-17,vk,cpc,prof-python,7362.0000000000000000,8,0,0,
2023-06-17,yandex,cpc,base-professions-retarget,,8,0,0,
2023-06-17,vk,cpc,prof-frontend,4974.0000000000000000,7,0,0,
2023-06-17,vk,cpc,prof-java,4124.0000000000000000,6,0,0,
2023-06-17,yandex,cpc,dod-java,,6,0,0,
2023-06-17,vk,cpc,freemium-java,1522.0000000000000000,5,0,0,
2023-06-17,vk,cpc,prof-data-analytics,5327.0000000000000000,5,0,0,
2023-06-17,vk,social,dod-professions,,5,0,0,
2023-06-17,vk,cpc,freemium-frontend,2536.0000000000000000,4,0,0,
2023-06-17,vk,cpc,freemium-python,2537.0000000000000000,4,0,0,
2023-06-17,telegram,cpp,prof-frontend,,3,0,0,
2023-06-17,telegram,cpp,base-java,,2,0,0,
2023-06-17,vk,cpc,frontend,,2,0,0,
2023-06-17,vk,social,general,,2,0,0,
2023-06-17,Yandex,cpc,"06892634",,1,0,0,
2023-06-17,Yandex,cpc,"93234055",,1,0,0,
2023-06-17,facebook,social,hexlet-blog,,1,0,0,
2023-06-17,instagram,social,prof-data-analyst,,1,0,0,
2023-06-17,telegram,cpm,base_python,,1,0,0,
2023-06-17,telegram,cpm,frontend,,1,0,0,
2023-06-17,telegram,cpm,java,,1,0,0,
2023-06-17,telegram,cpp,base-python,,1,0,0,
2023-06-17,telegram,cpp,prof-java,,1,0,0,
2023-06-17,telegram,cpp,prof-python,,1,0,0,
2023-06-17,timepad,cpp,base-frontend,,1,0,0,
2023-06-17,vk,cpc,prof-qa,,1,0,0,
2023-06-17,vk,cpm,base,,1,0,0,
2023-06-17,vk,cpp,base-frontend,,1,0,0,
2023-06-17,vk,social,prof-data-analytics,,1,0,0,
2023-06-17,vk,social,promo,,1,0,0,
2023-06-17,yandex-direct,cpc,"50088205",,1,0,0,
2023-06-17,zen,social,zen_post,,1,0,0,
2023-06-18,yandex,cpc,freemium,16798.000000000000,219,0,0,
2023-06-18,yandex,cpc,prof-python,39233.000000000000,163,0,0,
2023-06-18,yandex,cpc,prof-frontend,50806.000000000000,149,0,0,
2023-06-18,yandex,cpc,prof-java,28605.000000000000,111,0,0,
2023-06-18,yandex,cpc,base-java,,61,0,0,
2023-06-18,yandex,cpc,prof-professions-brand,3300.0000000000000000,51,0,0,
2023-06-18,yandex,cpc,base-python,,43,0,0,
2023-06-18,yandex,cpc,base-frontend,,27,0,0,
2023-06-18,yandex,cpc,prof-data-analytics,6446.0000000000000000,27,0,0,
2023-06-18,yandex,cpc,prof-professions-retarget,1491.0000000000000000,25,0,0,
2023-06-18,yandex,cpc,dod-frontend,,21,0,0,
2023-06-18,yandex,cpc,dod-professions,7438.0000000000000000,14,0,0,
2023-06-18,vk-senler,cpc,freemium,,13,0,0,
2023-06-18,yandex,cpc,dod-php,,11,0,0,
2023-06-18,telegram,cpp,base-frontend,,9,0,0,
2023-06-18,vk,cpc,prof-data-analytics,3579.0000000000000000,9,0,0,
2023-06-18,yandex,cpc,base-professions-retarget,,9,0,0,
2023-06-18,vk-senler,cpc,dod-professions,,8,0,0,
2023-06-18,yandex,cpc,dod-java,,8,0,0,
2023-06-18,yandex,cpc,dod-python-java,3374.0000000000000000,8,0,0,
2023-06-18,vk,cpc,freemium-python,2536.0000000000000000,6,0,0,
2023-06-18,vk,cpc,prof-java,4663.0000000000000000,6,0,0,
2023-06-18,vk,cpc,freemium-frontend,2535.0000000000000000,5,0,0,
2023-06-18,vk,cpc,prof-python,4591.0000000000000000,4,0,0,
2023-06-18,vk,social,dod-professions,,4,1,0,
2023-06-18,yandex,cpc,dod-qa,,4,0,0,
2023-06-18,telegram,cpp,base-java,,2,0,0,
2023-06-18,telegram,cpp,base-python,,2,0,0,
2023-06-18,telegram,cpp,prof-python,,2,0,0,
2023-06-18,vc,cpp,dod-professions,,2,0,0,
2023-06-18,vk,cpc,prof-frontend,2912.0000000000000000,2,0,0,
2023-06-18,Yandex,cpc,"39770358",,1,0,0,
2023-06-18,Yandex,cpc,"77386453",,1,0,0,
2023-06-18,Yandex,cpc,"81276251",,1,0,0,
2023-06-18,facebook,cpc,freemium,,1,0,0,
2023-06-18,partners,cpm,all,,1,0,0,
2023-06-18,telegram,cpp,dod-frontend,,1,0,0,
2023-06-18,telegram,cpp,prof-java,,1,0,0,
2023-06-18,telegram,cpp,prof-qa,,1,0,0,
2023-06-18,telegram,social,base-frontend,,1,0,0,
2023-06-18,telegram,social,hexlet-blog,,1,0,0,
2023-06-18,telegram,social,mdtruehaskell--funktsionalnyy-yazyk,,1,0,0,
2023-06-18,twitter,social,all-courses,,1,0,0,
2023-06-18,twitter,social,course_completed,,1,0,0,
2023-06-18,vk,cpp,base-frontend,,1,0,0,
2023-06-18,vk,social,all-courses,,1,0,0,
2023-06-18,vk,social,prof-python,,1,0,0,
2023-06-18,vk-senler,cpc,dod-frontend,,1,0,0,
2023-06-18,vkontakte,social,button-vk,,1,0,0,
2023-06-18,yandex-direct,cpc,"97574364",,1,0,0,
2023-06-18,zen,social,hexlet-blog,,1,0,0,
2023-06-18,zen,social,prof-data-analyst,,1,0,0,
2023-06-19,yandex,cpc,freemium,17212.000000000000,239,0,0,
2023-06-19,yandex,cpc,prof-python,45990.000000000000,185,0,0,
2023-06-19,yandex,cpc,prof-java,35136.000000000000,143,0,0,
2023-06-19,yandex,cpc,prof-frontend,72966.000000000000,135,0,0,
2023-06-19,yandex,cpc,base-java,,66,0,0,
2023-06-19,yandex,cpc,base-python,,60,0,0,
2023-06-19,yandex,cpc,prof-professions-brand,3111.0000000000000000,45,0,0,
2023-06-19,yandex,cpc,base-frontend,,43,0,0,
2023-06-19,yandex,cpc,prof-data-analytics,6048.0000000000000000,35,0,0,
2023-06-19,yandex,cpc,dod-frontend,,18,0,0,
2023-06-19,yandex,cpc,prof-professions-retarget,1057.0000000000000000,18,0,0,
2023-06-19,vk,cpc,prof-python,4934.0000000000000000,15,0,0,
2023-06-19,yandex,cpc,base-professions-retarget,,14,0,0,
2023-06-19,vk-senler,cpc,freemium,,12,0,0,
2023-06-19,vk,cpc,prof-java,5469.0000000000000000,10,0,0,
2023-06-19,vk,cpc,prof-frontend,5078.0000000000000000,9,0,0,
2023-06-19,telegram,cpp,base-frontend,,8,0,0,
2023-06-19,vk,cpc,freemium-python,2479.0000000000000000,8,0,0,
2023-06-19,vk,cpc,prof-data-analytics,5326.0000000000000000,8,0,0,
2023-06-19,yandex,cpc,dod-python-java,2012.0000000000000000,8,0,0,
2023-06-19,yandex,cpc,dod-qa,,8,0,0,
2023-06-19,yandex,cpc,dod-java,,6,0,0,
2023-06-19,yandex,cpc,dod-php,,6,0,0,
2023-06-19,yandex,cpc,dod-professions,3683.0000000000000000,6,0,0,
2023-06-19,vk,cpp,dod-python-java,,4,0,0,
2023-06-19,twitter.com,social,istorii-uspeha-nashih-uchenikov-i-vypuskni,,3,0,0,
2023-06-19,vk,cpc,freemium-java,2423.0000000000000000,3,0,0,
2023-06-19,vk,social,base-python,,3,0,0,
2023-06-19,telegram,cpp,prof-python,,2,0,0,
2023-06-19,twitter,social,hexlet-blog,,2,0,0,
2023-06-19,vk,cpc,freemium-frontend,2536.0000000000000000,2,0,0,
2023-06-19,vk,social,base-java,,2,0,0,
2023-06-19,vk,social,general,,2,0,0,
2023-06-19,Yandex,cpc,"52168119",,1,0,0,
2023-06-19,Yandex,cpm,"84109871",,1,0,0,
2023-06-19,dzen,social,dzen-post,,1,0,0,
2023-06-19,instagram,social,all-courses,,1,0,0,
2023-06-19,instagram,social,hexlet-blog,,1,0,0,
2023-06-19,telegram,cpm,java,,1,0,0,
2023-06-19,telegram,cpp,base-python,,1,0,0,
2023-06-19,telegram,cpp,dod-java,,1,0,0,
2023-06-19,telegram,social,kak-blagodarya-heksletu-ya-ustroilsya-v-epa,,1,0,0,
2023-06-19,telegram,social,promo,,1,0,0,
2023-06-19,telegram,social,special-newyear23,,1,0,0,
2023-06-19,timepad,cpp,base-frontend,,1,0,0,
2023-06-19,twitter,social,devushki_v_it,,1,0,0,
2023-06-19,twitter,social,obuchenie-programmirovaniyu-v-30 -let-pod,,1,0,0,
2023-06-19,vc,cpp,dod-professions,,1,0,0,
2023-06-19,vk,cpp,dod-frontend,,1,0,0,
2023-06-19,vk,social,all-courses,,1,0,0,
2023-06-19,vk,social,base-php,,1,0,0,
2023-06-19,vk,social,dod-professions,,1,0,0,
2023-06-19,zen,social,all-courses,,1,0,0,
2023-06-19,zen,social,hexlet,,1,0,0,
2023-06-20,yandex,cpc,freemium,16145.000000000000,242,0,0,
2023-06-20,yandex,cpc,prof-python,46055.000000000000,184,0,0,
2023-06-20,yandex,cpc,prof-frontend,68549.000000000000,148,0,0,
2023-06-20,yandex,cpc,prof-java,28063.000000000000,119,0,0,
2023-06-20,yandex,cpc,base-python,,58,0,0,
2023-06-20,yandex,cpc,base-java,3805.0000000000000000,53,0,0,
2023-06-20,yandex,cpc,prof-professions-brand,3263.0000000000000000,47,0,0,
2023-06-20,yandex,cpc,prof-data-analytics,6795.0000000000000000,38,0,0,
2023-06-20,yandex,cpc,base-frontend,,33,0,0,
2023-06-20,yandex,cpc,prof-professions-retarget,784.0000000000000000,27,0,0,
2023-06-20,yandex,cpc,dod-frontend,,17,0,0,
2023-06-20,yandex,cpc,dod-professions,6422.0000000000000000,17,0,0,
2023-06-20,vk-senler,cpc,freemium,,14,0,0,
2023-06-20,vk,cpc,prof-python,5839.0000000000000000,13,0,0,
2023-06-20,vk,cpc,freemium-frontend,2851.0000000000000000,11,1,0,
2023-06-20,yandex,cpc,dod-python-java,3269.0000000000000000,10,0,0,
2023-06-20,vk,cpc,freemium-java,2538.0000000000000000,8,0,0,
2023-06-20,vk,cpc,prof-java,5205.0000000000000000,8,0,0,
2023-06-20,instagram,social,base-frontend,,7,0,0,
2023-06-20,yandex,cpc,dod-php,,7,0,0,
2023-06-20,telegram,cpp,base-frontend,,6,0,0,
2023-06-20,yandex,cpc,dod-java,,6,0,0,
2023-06-20,telegram,social,dod-professions,,5,1,0,
2023-06-20,vk,cpc,prof-data-analytics,4941.0000000000000000,5,0,0,
2023-06-20,vk,cpp,dod-python-java,,5,0,0,
2023-06-20,yandex,cpc,dod-qa,,5,0,0,
2023-06-20,instagram,social,prof-frontend,,4,0,0,
2023-06-20,instagram,social,prof-qa-auto,,4,1,0,
2023-06-20,vk,cpc,freemium-python,2127.0000000000000000,3,0,0,
2023-06-20,vk,cpc,prof-frontend,5078.0000000000000000,3,0,0,
2023-06-20,vk,social,dod-professions,,3,0,0,
2023-06-20,instagram,social,prof-backend,,2,0,0,
2023-06-20,telegram,cpp,base-python,,2,0,0,
2023-06-20,vk,social,hexlet-blog,,2,0,0,
2023-06-20,yandex,cpc,base-professions-retarget,,2,0,0,
2023-06-20,Yandex,cpm,"14191988",,1,0,0,
2023-06-20,instagram,social,all-courses,,1,0,0,
2023-06-20,instagram,social,prof-java,,1,0,0,
2023-06-20,instagram,social,prof-python,,1,0,0,
2023-06-20,instagram,social,prof-qa,,1,0,0,
2023-06-20,instagram,social,prof-rails,,1,0,0,
2023-06-20,telegram,cpm,frontend,,1,0,0,
2023-06-20,telegram,cpp,prof-frontend,,1,0,0,
2023-06-20,telegram,cpp,prof-java,,1,0,0,
2023-06-20,telegram,social,mdtruereshenie-zadach--horoshiy-sposob-z,,1,0,0,
2023-06-20,twitter,social,my-poprosili-nastavnikov-heksleta-rasska,,1,0,0,
2023-06-20,twitter.com,social,buffer,,1,0,0,
2023-06-20,vc,cpp,dod-professions,,1,1,0,
2023-06-20,vk,social,base-frontend,,1,0,0,
2023-06-20,vk,social,base-java,,1,0,0,
2023-06-20,vk,social,base-python,,1,0,0,
2023-06-20,vk,social,dod-python-java,,1,0,0,
2023-06-20,vk-senler,cpc,dod-professions,,1,0,0,
2023-06-20,yandex-direct,cpc,"26593528",,1,0,0,
2023-06-20,yandex-direct,cpc,"70989018",,1,0,0,
2023-06-20,yandex-direct,cpc,"85838400",,1,0,0,
2023-06-20,zen,social,all-courses,,1,0,0,
2023-06-21,yandex,cpc,freemium,18973.000000000000,225,0,0,
2023-06-21,yandex,cpc,prof-python,46840.000000000000,155,0,0,
2023-06-21,yandex,cpc,prof-frontend,64454.000000000000,140,0,0,
2023-06-21,yandex,cpc,prof-java,29144.000000000000,126,0,0,
2023-06-21,yandex,cpc,base-java,5157.0000000000000000,59,0,0,
2023-06-21,yandex,cpc,base-frontend,,55,0,0,
2023-06-21,yandex,cpc,base-python,4741.0000000000000000,44,0,0,
2023-06-21,yandex,cpc,prof-professions-brand,4320.0000000000000000,42,0,0,
2023-06-21,yandex,cpc,prof-data-analytics,3920.0000000000000000,32,0,0,
2023-06-21,yandex,cpc,prof-professions-retarget,874.0000000000000000,25,0,0,
2023-06-21,vk,cpc,prof-python,5890.0000000000000000,18,0,0,
2023-06-21,yandex,cpc,dod-frontend,,16,0,0,
2023-06-21,vk,cpc,prof-data-analytics,6090.0000000000000000,13,0,0,
2023-06-21,yandex,cpc,dod-java,,13,0,0,
2023-06-21,vk-senler,cpc,freemium,,12,0,0,
2023-06-21,yandex,cpc,dod-python-java,2006.0000000000000000,12,0,0,
2023-06-21,telegram,cpp,prof-java,,11,0,0,
2023-06-21,yandex,cpc,dod-professions,,11,0,0,
2023-06-21,telegram,cpp,prof-python,,10,1,0,
2023-06-21,vk,cpc,prof-frontend,5079.0000000000000000,9,0,0,
2023-06-21,yandex,cpc,dod-qa,,9,0,0,
2023-06-21,vk,cpc,prof-java,5257.0000000000000000,8,0,0,
2023-06-21,vk,cpc,freemium-frontend,2537.0000000000000000,7,0,0,
2023-06-21,vk,cpp,dod-python-java,,7,0,0,
2023-06-21,vk,cpc,freemium-java,2537.0000000000000000,6,0,0,
2023-06-21,yandex,cpc,base-professions-retarget,,6,0,0,
2023-06-21,telegram,cpp,base-java,,5,0,0,
2023-06-21,vk,cpc,freemium-python,2193.0000000000000000,5,0,0,
2023-06-21,yandex,cpc,dod-php,,5,0,0,
2023-06-21,instagram,social,prof-frontend,,4,0,0,
2023-06-21,telegram,cpp,base-frontend,,3,0,0,
2023-06-21,instagram,social,prof-qa,,2,0,0,
2023-06-21,telegram,social,dod-professions,,2,1,0,
2023-06-21,vk,social,general,,2,0,0,
2023-06-21,Yandex,cpc,"08409986",,1,0,0,
2023-06-21,Yandex,cpc,"74431025",,1,0,0,
2023-06-21,admitad,cpc,"442763",,1,0,0,
2023-06-21,dzen,social,dzen-post,,1,0,0,
2023-06-21,facebook,social,hexlet-blog,,1,0,0,
2023-06-21,instagram,social,base-frontend,,1,0,0,
2023-06-21,instagram,social,prof-backend,,1,0,0,
2023-06-21,instagram,social,prof-data-analytics,,1,0,0,
2023-06-21,instagram,social,prof-java,,1,0,0,
2023-06-21,instagram,social,prof-python,,1,0,0,
2023-06-21,telegram,cpm,python,,1,0,0,
2023-06-21,telegram,cpp,dod-java,,1,0,0,
2023-06-21,telegram,cpp,prof-data-analytics,,1,0,0,
2023-06-21,telegram,social,kak-optimizirovat-tretiy-proekt-v-professii-python,,1,0,0,
2023-06-21,telegram,social,mdtruehaskell--funktsionalnyy-yazyk,,1,0,0,
2023-06-21,telegram,social,promo,,1,0,0,
2023-06-21,telegram,social,u-nas-chasto-sprashivayut--kakie-knigi-nuzhn,,1,0,0,
2023-06-21,tg,social,hostel,,1,0,0,
2023-06-21,twitter,social,hexlet-blog,,1,0,0,
2023-06-21,twitter,social,promo,,1,0,0,
2023-06-21,vk,cpc,freemium,,1,0,0,
2023-06-21,vk,cpc,prof-php,,1,0,0,
2023-06-21,vk,social,base-java,,1,0,0,
2023-06-21,vk,social,course_completed,,1,0,0,
2023-06-21,vk,social,dod-professions,,1,0,0,
2023-06-21,vk,social,hexlet-blog,,1,0,0,
2023-06-21,vk,social,prof-python,,1,0,0,
2023-06-21,vk.com,social,skolko-stoit-obuchenie-na-hekslete-dlya,,1,0,0,
2023-06-21,yandex-direct,cpc,"71522986",,1,0,0,
2023-06-21,zen,social,hexlet,,1,0,0,
2023-06-21,zen,social,hexlet-blog,,1,0,0,
2023-06-22,yandex,cpc,freemium,14680.000000000000,251,0,0,
2023-06-22,yandex,cpc,prof-frontend,69976.000000000000,175,0,0,
2023-06-22,yandex,cpc,prof-python,50579.000000000000,163,0,0,
2023-06-22,yandex,cpc,prof-java,35881.000000000000,129,0,0,
2023-06-22,yandex,cpc,base-java,8185.0000000000000000,66,0,0,
2023-06-22,yandex,cpc,base-python,3986.0000000000000000,65,0,0,
2023-06-22,yandex,cpc,base-frontend,,51,0,0,
2023-06-22,yandex,cpc,prof-professions-brand,4161.0000000000000000,41,0,0,
2023-06-22,yandex,cpc,prof-data-analytics,1462.0000000000000000,29,0,0,
2023-06-22,yandex,cpc,dod-frontend,,20,0,0,
2023-06-22,yandex,cpc,prof-professions-retarget,1073.0000000000000000,19,0,0,
2023-06-22,vk-senler,cpc,freemium,,18,0,0,
2023-06-22,vk,cpc,prof-python,5525.0000000000000000,17,0,0,
2023-06-22,vk,cpc,prof-java,4223.0000000000000000,13,0,0,
2023-06-22,yandex,cpc,dod-professions,,12,0,0,
2023-06-22,yandex,cpc,dod-php,,11,0,0,
2023-06-22,yandex,cpc,dod-python-java,4988.0000000000000000,10,0,0,
2023-06-22,vk,cpc,freemium-frontend,2623.0000000000000000,9,0,0,
2023-06-22,vk,cpc,prof-data-analytics,5964.0000000000000000,9,0,0,
2023-06-22,telegram,cpp,prof-java,,7,0,0,
2023-06-22,vk,cpc,prof-frontend,3684.0000000000000000,7,0,0,
2023-06-22,vk,cpp,dod-python-java,,7,0,0,
2023-06-22,yandex,cpc,base-professions-retarget,,7,0,0,
2023-06-22,yandex,cpc,dod-java,,7,0,0,
2023-06-22,telegram,cpp,prof-python,,6,0,0,
2023-06-22,vk,cpc,freemium-java,2144.0000000000000000,4,0,0,
2023-06-22,yandex,cpc,dod-qa,,4,0,0,
2023-06-22,dzen,social,dzen-post,,3,0,0,
2023-06-22,vk,cpc,freemium-python,1872.0000000000000000,3,0,0,
2023-06-22,telegram,social,dod-professions,,2,0,0,
2023-06-22,tg,social,hostel,,2,0,0,
2023-06-22,zen,social,all-courses,,2,0,0,
2023-06-22,facebook,cpc,freemium,,1,0,0,
2023-06-22,instagram,social,all-courses,,1,0,0,
2023-06-22,instagram,social,hexlet-blog,,1,0,0,
2023-06-22,podcast,social,all-courses,,1,0,0,
2023-06-22,telegram,cpm,base_java,,1,0,0,
2023-06-22,telegram,cpp,base-frontend,,1,0,0,
2023-06-22,telegram,cpp,base-java,,1,0,0,
2023-06-22,telegram,social,hexlet-blog,,1,0,0,
2023-06-22,timepad,cpp,base-frontend,,1,0,0,
2023-06-22,twitter,social,grokaem_algoritmy,,1,0,0,
2023-06-22,vk,cpc,python,,1,0,0,
2023-06-22,vk,social,all-courses,,1,1,0,
2023-06-22,vk,social,base-html,,1,0,0,
2023-06-22,vk,social,base-python,,1,0,0,
2023-06-22,vk,social,course_completed,,1,0,0,
2023-06-22,vk,social,dod-python-java,,1,0,0,
2023-06-22,vk,social,planiruy-uchebu--fokusiruysya-na-protsesse,,1,0,0,
2023-06-22,vk,social,prof-python,,1,0,0,
2023-06-22,vk,social,promo,,1,0,0,
2023-06-22,yandex-direct,cpc,"18177858",,1,0,0,
2023-06-22,zen,social,hexlet,,1,0,0,
2023-06-22,zen_from_telegram,social,,,1,0,0,
2023-06-23,yandex,cpc,freemium,18235.000000000000,255,0,0,
2023-06-23,yandex,cpc,prof-python,41643.000000000000,207,0,0,
2023-06-23,yandex,cpc,prof-frontend,56368.000000000000,182,0,0,
2023-06-23,yandex,cpc,prof-java,34444.000000000000,134,0,0,
2023-06-23,yandex,cpc,base-java,10843.000000000000,71,0,0,
2023-06-23,yandex,cpc,base-python,8276.0000000000000000,66,0,0,
2023-06-23,yandex,cpc,base-frontend,,58,0,0,
2023-06-23,yandex,cpc,prof-professions-brand,4029.0000000000000000,49,0,0,
2023-06-23,yandex,cpc,prof-data-analytics,8165.0000000000000000,43,0,0,
2023-06-23,telegram,social,hexlet-blog,,36,1,0,
2023-06-23,yandex,cpc,prof-professions-retarget,1274.0000000000000000,34,0,0,
2023-06-23,yandex,cpc,dod-frontend,,22,0,0,
2023-06-23,telegram,cpp,prof-java,,18,1,0,
2023-06-23,yandex,cpc,dod-professions,,18,0,0,
2023-06-23,vk,cpc,prof-data-analytics,4952.0000000000000000,16,0,0,
2023-06-23,vk,cpc,prof-python,4149.0000000000000000,16,0,0,
2023-06-23,vk-senler,cpc,freemium,,16,0,0,
2023-06-23,vk,cpc,prof-frontend,3807.0000000000000000,11,0,0,
2023-06-23,vk,cpc,freemium-frontend,2539.0000000000000000,9,0,0,
2023-06-23,yandex,cpc,dod-python-java,676.0000000000000000,9,0,0,
2023-06-23,telegram,cpp,prof-python,,8,0,0,
2023-06-23,yandex,cpc,base-professions-retarget,,8,0,0,
2023-06-23,yandex,cpc,dod-php,,8,0,0,
2023-06-23,yandex,cpc,dod-java,,7,0,0,
2023-06-23,telegram,cpp,base-frontend,,6,0,0,
2023-06-23,vk,cpc,freemium-java,2539.0000000000000000,6,0,0,
2023-06-23,vk,cpc,base-python,2284.0000000000000000,5,0,0,
2023-06-23,vk,cpc,prof-java,6346.0000000000000000,5,0,0,
2023-06-23,yandex,cpc,dod-qa,,5,0,0,
2023-06-23,timepad,cpp,base-frontend,,3,0,0,
2023-06-23,telegram,social,dod-professions,,2,0,0,
2023-06-23,vk,cpp,dod-python-java,,2,0,0,
2023-06-23,vk,social,all-courses,,2,0,0,
2023-06-23,vk,social,prof-python,,2,0,0,
2023-06-23,zen,social,hexlet,,2,0,0,
2023-06-23,facebook,cpc,freemium,,1,0,0,
2023-06-23,instagram,social,prof-frontend,,1,0,0,
2023-06-23,instagram,social,prof-qa-auto,,1,0,0,
2023-06-23,telegram,cpm,base_python,,1,0,0,
2023-06-23,telegram,cpm,java,,1,0,0,
2023-06-23,telegram,cpp,dod-php,,1,0,0,
2023-06-23,telegram,cpp,prof-frontend,,1,0,0,
2023-06-23,telegram,social,base,,1,0,0,
2023-06-23,telegram,social,promo,,1,0,0,
2023-06-23,twitter,social,how-to-sleep,,1,0,0,
2023-06-23,vk,cpc,freemium-python,2034.0000000000000000,1,0,0,
2023-06-23,vk,social,"8-statey--kotorye-budut-polezny-novichku",,1,0,0,
2023-06-23,vk,social,base-python,,1,0,0,
2023-06-23,vk,social,course_completed,,1,0,0,
2023-06-23,vk,social,hexlet-blog,,1,0,0,
2023-06-23,vk,social,open_lectures23,,1,0,0,
2023-06-24,yandex,cpc,freemium,14330.000000000000,263,0,0,
2023-06-24,yandex,cpc,prof-frontend,52548.000000000000,172,0,0,
2023-06-24,yandex,cpc,prof-python,34954.000000000000,164,0,0,
2023-06-24,yandex,cpc,prof-java,29381.000000000000,129,0,0,
2023-06-24,yandex,cpc,base-java,8258.0000000000000000,58,0,0,
2023-06-24,yandex,cpc,base-frontend,,41,0,0,
2023-06-24,yandex,cpc,base-python,12132.000000000000,40,0,0,
2023-06-24,yandex,cpc,prof-professions-brand,3093.0000000000000000,35,0,0,
2023-06-24,yandex,cpc,prof-data-analytics,5165.0000000000000000,29,0,0,
2023-06-24,yandex,cpc,prof-professions-retarget,1017.0000000000000000,27,0,0,
2023-06-24,telegram,social,hexlet-blog,,26,0,0,
2023-06-24,yandex,cpc,dod-frontend,,24,0,0,
2023-06-24,yandex,cpc,dod-professions,,23,0,0,
2023-06-24,vk,cpc,prof-python,5738.0000000000000000,18,0,0,
2023-06-24,vk,cpc,prof-data-analytics,4322.0000000000000000,14,0,0,
2023-06-24,telegram,cpp,base-frontend,,11,0,0,
2023-06-24,telegram,cpp,prof-java,,10,0,0,
2023-06-24,yandex,cpc,dod-python-java,,10,0,0,
2023-06-24,vk,cpc,prof-java,6347.0000000000000000,9,0,0,
2023-06-24,yandex,cpc,dod-java,,9,0,0,
2023-06-24,vk,cpc,prof-frontend,5076.0000000000000000,8,0,0,
2023-06-24,yandex,cpc,dod-php,,8,0,0,
2023-06-24,vk,cpc,base-python,2284.0000000000000000,7,0,0,
2023-06-24,vk,cpc,freemium-python,2273.0000000000000000,6,1,0,
2023-06-24,yandex,cpc,base-professions-retarget,,6,0,0,
2023-06-24,vk,cpc,freemium-frontend,2539.0000000000000000,5,0,0,
2023-06-24,vk-senler,cpc,freemium,,5,0,0,
2023-06-24,yandex,cpc,dod-qa,,5,0,0,
2023-06-24,telegram,cpp,prof-frontend,,2,0,0,
2023-06-24,telegram,cpp,prof-python,,2,0,0,
2023-06-24,vk,cpc,freemium-java,1723.0000000000000000,2,0,0,
2023-06-24,vk,cpp,dod-python-java,,2,0,0,
2023-06-24,vk,social,base-python,,2,0,0,
2023-06-24,vk,social,prof-python,,2,0,0,
2023-06-24,facebook,cpc,python,,1,0,0,
2023-06-24,telegram,cpm,frontend,,1,0,0,
2023-06-24,telegram,cpp,base-java,,1,0,0,
2023-06-24,timepad,cpp,base-frontend,,1,0,0,
2023-06-24,vk,social,all-courses,,1,0,0,
2023-06-24,vk,social,hexlet-blog,,1,1,0,
2023-06-24,vk,social,matematika-ilnar,,1,0,0,
2023-06-24,vk,social,reshenie-zadach--horoshiy-sposob-zakrepit,,1,0,0,
2023-06-24,vk-senler,cpc,base-python,,1,0,0,
2023-06-24,vk-senler,cpc,dod-frontend,,1,0,0,
2023-06-24,vk-senler,cpc,dod-python-java,,1,0,0,
2023-06-24,yandex-direct,cpc,"57063851",,1,0,0,
2023-06-25,yandex,cpc,freemium,14213.000000000000,211,0,0,
2023-06-25,yandex,cpc,prof-python,41468.000000000000,157,0,0,
2023-06-25,yandex,cpc,prof-java,37431.000000000000,149,0,0,
2023-06-25,yandex,cpc,prof-frontend,57264.000000000000,147,0,0,
2023-06-25,yandex,cpc,base-java,11999.000000000000,66,0,0,
2023-06-25,yandex,cpc,base-python,8006.0000000000000000,61,0,0,
2023-06-25,yandex,cpc,prof-professions-brand,5162.0000000000000000,46,0,0,
2023-06-25,yandex,cpc,base-frontend,,40,0,0,
2023-06-25,yandex,cpc,prof-professions-retarget,919.0000000000000000,29,0,0,
2023-06-25,vk,cpc,prof-python,6042.0000000000000000,25,0,0,
2023-06-25,yandex,cpc,prof-data-analytics,4694.0000000000000000,23,0,0,
2023-06-25,yandex,cpc,dod-frontend,,22,0,0,
2023-06-25,vk,cpc,prof-java,9138.0000000000000000,21,0,0,
2023-06-25,telegram,cpp,prof-java,,16,0,0,
2023-06-25,vk,cpc,prof-data-analytics,3807.0000000000000000,14,0,0,
2023-06-25,yandex,cpc,dod-professions,,12,0,0,
2023-06-25,vk,cpc,base-python,3522.0000000000000000,10,0,0,
2023-06-25,yandex,cpc,dod-java,,9,0,0,
2023-06-25,vk,cpc,freemium-frontend,2538.0000000000000000,8,0,0,
2023-06-25,vk,cpc,freemium-python,2085.0000000000000000,7,0,0,
2023-06-25,yandex,cpc,dod-php,,7,0,0,
2023-06-25,yandex,cpc,dod-qa,,6,0,0,
2023-06-25,telegram,social,hexlet-blog,,4,0,0,
2023-06-25,yandex,cpc,base-professions-retarget,,4,0,0,
2023-06-25,yandex,cpc,dod-python-java,,4,0,0,
2023-06-25,vk,cpc,prof-frontend,6091.0000000000000000,3,0,0,
2023-06-25,vk-senler,cpc,freemium,,3,0,0,
2023-06-25,telegram,cpp,base-frontend,,2,0,0,
2023-06-25,telegram,cpp,prof-python,,2,0,0,
2023-06-25,timepad,cpp,base-frontend,,2,0,0,
2023-06-25,vk,cpc,freemium-java,1523.0000000000000000,2,0,0,
2023-06-25,vk,cpp,base-frontend,,2,0,0,
2023-06-25,instagram,social,base-pyton,,1,0,0,
2023-06-25,telegram,cpp,base-java,,1,0,0,
2023-06-25,telegram,social,course_completed,,1,0,0,
2023-06-25,telegram,social,mdtruevyrazitelnyy-javascript--arh,,1,0,0,
2023-06-25,telegram,social,studenty-heksleta-inogda-rasstraivayutsya,,1,0,0,
2023-06-25,twitter,social,devushki_v_it,,1,0,0,
2023-06-25,vk,social,base-python,,1,0,0,
2023-06-25,vk,social,dod-python-java,,1,0,0,
2023-06-25,vk,social,general,,1,0,0,
2023-06-25,vk,social,hexlet-blog,,1,0,0,
2023-06-25,vk,social,prof-python,,1,0,0,
2023-06-25,vk-senler,cpc,dod-frontend,,1,0,0,
2023-06-25,vkontakte,social,button-vk,,1,0,0,
2023-06-25,zen,social,hexlet,,1,0,0,
2023-06-26,yandex,cpc,freemium,16668.000000000000,251,0,0,
2023-06-26,yandex,cpc,prof-python,41547.000000000000,187,0,0,
2023-06-26,yandex,cpc,prof-frontend,59123.000000000000,166,0,0,
2023-06-26,yandex,cpc,prof-java,35429.000000000000,121,0,0,
2023-06-26,telegram,social,hexlet-blog,,66,0,0,
2023-06-26,telegram,cpp,base-python,,58,0,0,
2023-06-26,yandex,cpc,base-python,7940.0000000000000000,57,0,0,
2023-06-26,yandex,cpc,base-java,10728.000000000000,52,0,0,
2023-06-26,yandex,cpc,base-frontend,,43,0,0,
2023-06-26,yandex,cpc,prof-professions-brand,4286.0000000000000000,40,0,0,
2023-06-26,yandex,cpc,prof-data-analytics,4699.0000000000000000,36,0,0,
2023-06-26,vk,cpc,prof-python,5803.0000000000000000,21,0,0,
2023-06-26,yandex,cpc,dod-frontend,,19,0,0,
2023-06-26,yandex,cpc,dod-professions,,19,0,0,
2023-06-26,yandex,cpc,prof-professions-retarget,1431.0000000000000000,18,0,0,
2023-06-26,vk,cpc,prof-java,7992.0000000000000000,17,0,0,
2023-06-26,vk-senler,cpc,freemium,,12,0,0,
2023-06-26,yandex,cpc,dod-python-java,,11,0,0,
2023-06-26,telegram,cpp,base-java,,9,0,0,
2023-06-26,vk,cpc,freemium-frontend,2538.0000000000000000,8,0,0,
2023-06-26,vk,cpc,freemium-python,1967.0000000000000000,7,0,0,
2023-06-26,yandex,cpc,dod-qa,,7,0,0,
2023-06-26,yandex,cpc,dod-java,,6,0,0,
2023-06-26,facebook,social,hexlet-blog,,4,0,0,
2023-06-26,telegram,cpp,prof-python,,4,0,0,
2023-06-26,vk,cpc,prof-data-analytics,1401.0000000000000000,4,0,0,
2023-06-26,vk,cpc,prof-frontend,4319.0000000000000000,4,0,0,
2023-06-26,vk,social,hexlet-blog,,4,0,0,
2023-06-26,yandex,cpc,base-professions-retarget,,4,0,0,
2023-06-26,telegram,cpp,prof-java,,3,0,0,
2023-06-26,vk,cpc,base-python,1886.0000000000000000,3,0,0,
2023-06-26,yandex,cpc,dod-php,,3,0,0,
2023-06-26,vk,cpp,base-java,,2,0,0,
2023-06-26,vk,social,base-java,,2,0,0,
2023-06-26,vk,social,prof-python,,2,0,0,
2023-06-26,admitad,cpc,"183258",,1,0,0,
2023-06-26,dzen,social,dzen-post,,1,0,0,
2023-06-26,instagram,social,all-courses,,1,0,0,
2023-06-26,instagram,social,hexlet-blog,,1,0,0,
2023-06-26,instagram,social,promo,,1,0,0,
2023-06-26,podcast,social,interview,,1,0,0,
2023-06-26,telegram,cpp,base-frontend,,1,0,0,
2023-06-26,telegram,cpp,prof-data-analytics,,1,0,0,
2023-06-26,telegram,cpp,prof-frontend,,1,0,0,
2023-06-26,telegram,social,course_completed,,1,0,0,
2023-06-26,telegram,social,dod-professions,,1,0,0,
2023-06-26,telegram,social,uyazvimost-v-java-ugrozhaet-sotnyam-tysyach,,1,0,0,
2023-06-26,twitter,social,"9-marta-v-1930-po-moskovskomu-vremeni-p",,1,0,0,
2023-06-26,vk,cpc,freemium-java,1516.0000000000000000,1,0,0,
2023-06-26,vk,cpp,base-frontend,,1,0,0,
2023-06-26,vk,cpp,dod-python-java,,1,0,0,
2023-06-26,vk,social,base-python,,1,0,0,
2023-06-26,vk,social,general,,1,0,0,
2023-06-26,vk-senler,cpc,base-frontend,,1,0,0,
2023-06-26,zen,social,all-courses,,1,1,0,
2023-06-26,zen,social,prof-python,,1,0,0,
2023-06-27,yandex,cpc,freemium,13694.000000000000,238,0,0,
2023-06-27,yandex,cpc,prof-python,39939.000000000000,175,0,0,
2023-06-27,yandex,cpc,prof-frontend,60963.000000000000,158,0,0,
2023-06-27,yandex,cpc,prof-java,28235.000000000000,128,0,0,
2023-06-27,yandex,cpc,base-java,5584.0000000000000000,58,0,0,
2023-06-27,yandex,cpc,base-python,10271.000000000000,58,0,0,
2023-06-27,yandex,cpc,prof-professions-brand,5257.0000000000000000,58,0,0,
2023-06-27,yandex,cpc,base-frontend,,39,0,0,
2023-06-27,yandex,cpc,prof-data-analytics,7092.0000000000000000,38,0,0,
2023-06-27,yandex,cpc,prof-professions-retarget,669.0000000000000000,32,0,0,
2023-06-27,yandex,cpc,dod-professions,,27,0,0,
2023-06-27,telegram,social,hexlet-blog,,23,1,0,
2023-06-27,vk-senler,cpc,freemium,,20,0,0,
2023-06-27,telegram,cpp,base-python,,19,0,0,
2023-06-27,vk,cpc,prof-python,4676.0000000000000000,16,0,0,
2023-06-27,yandex,cpc,dod-frontend,,13,0,0,
2023-06-27,telegram,cpp,base-java,,11,0,0,
2023-06-27,vk,cpc,freemium-frontend,2538.0000000000000000,11,0,0,
2023-06-27,telegram,cpp,base-frontend,,10,0,0,
2023-06-27,yandex,cpc,dod-python-java,,10,0,0,
2023-06-27,vk,cpc,base-python,2410.0000000000000000,9,0,0,
2023-06-27,vk,cpc,prof-java,5394.0000000000000000,9,0,0,
2023-06-27,yandex,cpc,dod-java,,9,0,0,
2023-06-27,vk,cpc,freemium-python,2015.0000000000000000,7,0,0,
2023-06-27,vk,cpc,prof-frontend,6660.0000000000000000,5,0,0,
2023-06-27,yandex,cpc,dod-qa,,5,0,0,
2023-06-27,facebook,social,hexlet-blog,,4,0,0,
2023-06-27,yandex,cpc,dod-php,,3,0,0,
2023-06-27,telegram,cpp,prof-java,,2,1,0,
2023-06-27,vk,cpc,freemium-java,1523.0000000000000000,2,0,0,
2023-06-27,vk,social,all-courses,,2,0,0,
2023-06-27,vk,social,general,,2,0,0,
2023-06-27,yandex,cpc,base-professions-retarget,,2,0,0,
2023-06-27,Yandex,cpc,"73043444",,1,0,0,
2023-06-27,admitad,cpc,"183258",,1,0,0,
2023-06-27,dzen,social,dzen_post,,1,0,0,
2023-06-27,telegram,cpp,prof-frontend,,1,0,0,
2023-06-27,telegram,cpp,prof-python,,1,0,0,
2023-06-27,telegram,social,"20-sovetov-dlya-buduschih-programmistov--ko",,1,0,0,
2023-06-27,telegram,social,all-courses,,1,0,0,
2023-06-27,telegram,social,dod-professions,,1,0,0,
2023-06-27,twitter,social,analitik-dannyh,,1,0,0,
2023-06-27,twitter,social,course_completed,,1,0,0,
2023-06-27,twitter,social,hexlet-blog,,1,0,0,
2023-06-27,vk,cpc,yaintern,,1,0,0,
2023-06-27,vk,cpp,base-frontend,,1,0,0,
2023-06-27,vk,cpp,base-java,,1,0,0,
2023-06-27,vk,social,base-frontend,,1,0,0,
2023-06-27,vk,social,base-python,,1,0,0,
2023-06-27,vk,social,dod-professions,,1,0,0,
2023-06-27,vk,social,hexlet-blog,,1,0,0,
2023-06-27,vk,social,prof-python,,1,0,0,
2023-06-27,yandex-direct,cpc,"26980930",,1,0,0,
2023-06-27,zen,social,blog,,1,0,0,
2023-06-28,yandex,cpc,freemium,15892.000000000000,239,0,0,
2023-06-28,yandex,cpc,prof-python,44881.000000000000,186,0,0,
2023-06-28,yandex,cpc,prof-frontend,65708.000000000000,139,0,0,
2023-06-28,yandex,cpc,prof-java,29048.000000000000,112,0,0,
2023-06-28,yandex,cpc,base-python,9590.0000000000000000,60,0,0,
2023-06-28,yandex,cpc,base-java,10709.000000000000,47,0,0,
2023-06-28,yandex,cpc,base-frontend,,43,0,0,
2023-06-28,yandex,cpc,prof-professions-brand,4791.0000000000000000,34,0,0,
2023-06-28,telegram,cpp,base-python,,32,0,0,
2023-06-28,yandex,cpc,prof-data-analytics,6179.0000000000000000,27,0,0,
2023-06-28,yandex,cpc,prof-professions-retarget,1415.0000000000000000,27,0,0,
2023-06-28,yandex,cpc,dod-frontend,,19,0,0,
2023-06-28,telegram,cpp,prof-python,,16,0,0,
2023-06-28,telegram,cpp,base-java,,15,0,0,
2023-06-28,vk,cpc,prof-python,4318.0000000000000000,15,0,0,
2023-06-28,vk,cpc,freemium-frontend,2538.0000000000000000,14,0,0,
2023-06-28,telegram,social,hexlet-blog,,13,1,0,
2023-06-28,yandex,cpc,dod-professions,,11,0,0,
2023-06-28,vk-senler,cpc,freemium,,10,0,0,
2023-06-28,yandex,cpc,dod-python-java,,9,0,0,
2023-06-28,vk,cpc,freemium-python,1954.0000000000000000,8,1,0,
2023-06-28,vk,cpc,prof-java,5757.0000000000000000,8,0,0,
2023-06-28,yandex,cpc,dod-qa,2239.0000000000000000,8,0,0,
2023-06-28,vk,cpc,base-python,2706.0000000000000000,7,0,0,
2023-06-28,vk,cpc,prof-frontend,6628.0000000000000000,6,0,0,
2023-06-28,yandex,cpc,base-professions-retarget,,6,0,0,
2023-06-28,facebook,social,hexlet-blog,,5,0,0,
2023-06-28,telegram,cpp,base-frontend,,5,0,0,
2023-06-28,vk,cpp,base-java,,5,0,0,
2023-06-28,yandex,cpc,dod-java,,5,0,0,
2023-06-28,vk,cpc,freemium-java,1521.0000000000000000,3,0,0,
2023-06-28,vk,social,hexlet-blog,,3,0,0,
2023-06-28,vk,social,prof-python,,3,0,0,
2023-06-28,yandex,cpc,dod-php,,3,0,0,
2023-06-28,telegram,cpp,prof-java,,2,0,0,
2023-06-28,telegram,social,course_completed,,2,0,0,
2023-06-28,vk,social,all-courses,,2,0,0,
2023-06-28,Yandex,cpc,"67469241",,1,0,0,
2023-06-28,admitad,cpc,"183258",,1,0,0,
2023-06-28,instagram,social,hexlet-blog,,1,0,0,
2023-06-28,instagram,social,prof-java,,1,0,0,
2023-06-28,mytarget,cpc,freemium,,1,0,0,
2023-06-28,mytarget,cpc,retarget,,1,0,0,
2023-06-28,partners,cpm,prof-data-analytics,,1,0,0,
2023-06-28,telegram,cpm,base,,1,0,0,
2023-06-28,telegram,social,dod-professions,,1,0,0,
2023-06-28,telegram.me,social,kakoy-yazyk-programmirovaniya-vybrat-dlya,,1,0,0,
2023-06-28,twitter,social,promo,,1,0,0,
2023-06-28,twitter,social,webinars,,1,0,0,
2023-06-28,vk,cpc,prof-data-analytics,381.0000000000000000,1,0,0,
2023-06-28,vk,cpm,java,,1,0,0,
2023-06-28,vk,social,base-python,,1,0,0,
2023-06-28,vk,social,prof-qa,,1,0,0,
2023-06-28,vk,social,promo,,1,0,0,
2023-06-28,vk-senler,cpc,dod-php,,1,0,0,
2023-06-29,yandex,cpc,freemium,14981.000000000000,227,0,0,
2023-06-29,yandex,cpc,prof-python,45967.000000000000,194,0,0,
2023-06-29,yandex,cpc,prof-frontend,65499.000000000000,149,0,0,
2023-06-29,yandex,cpc,prof-java,35170.000000000000,122,0,0,
2023-06-29,yandex,cpc,base-python,16174.000000000000,61,0,0,
2023-06-29,yandex,cpc,base-java,11606.000000000000,49,0,0,
2023-06-29,vk-senler,cpc,base-python,,46,0,0,
2023-06-29,telegram,cpp,base-python,,43,0,0,
2023-06-29,yandex,cpc,prof-professions-brand,3262.0000000000000000,37,0,0,
2023-06-29,yandex,cpc,base-frontend,4003.0000000000000000,35,0,0,
2023-06-29,yandex,cpc,prof-data-analytics,,29,0,0,
2023-06-29,yandex,cpc,prof-professions-retarget,903.0000000000000000,25,0,0,
2023-06-29,vk,cpc,freemium-frontend,2538.0000000000000000,20,0,0,
2023-06-29,vk-senler,cpc,freemium,,19,0,0,
2023-06-29,yandex,cpc,dod-frontend,,18,0,0,
2023-06-29,telegram,social,hexlet-blog,,16,0,0,
2023-06-29,yandex,cpc,dod-professions,,14,0,0,
2023-06-29,vk,cpc,prof-python,4303.0000000000000000,13,0,0,
2023-06-29,telegram,cpp,prof-java,,12,1,0,
2023-06-29,yandex,cpc,dod-python-java,,12,0,0,
2023-06-29,yandex,cpc,dod-java,,11,0,0,
2023-06-29,vk,cpc,prof-frontend,5442.0000000000000000,10,1,0,
2023-06-29,telegram,cpp,dod-qa,,9,0,0,
2023-06-29,telegram,cpp,base-java,,8,0,0,
2023-06-29,vk,cpc,prof-java,5743.0000000000000000,8,0,0,
2023-06-29,vk,social,base-python,,7,0,0,
2023-06-29,vk,cpc,freemium-python,2052.0000000000000000,6,0,0,
2023-06-29,vk,social,base-frontend,,6,0,0,
2023-06-29,telegram,cpp,base-frontend,,5,0,0,
2023-06-29,yandex,cpc,dod-qa,7291.0000000000000000,5,0,0,
2023-06-29,telegram,cpp,prof-python,,4,1,0,
2023-06-29,vk,cpp,base-java,,4,0,0,
2023-06-29,vk,social,general,,4,0,0,
2023-06-29,yandex,cpc,dod-php,,4,0,0,
2023-06-29,vk,cpc,base-python,2511.0000000000000000,3,0,0,
2023-06-29,vk,social,base-java,,3,0,0,
2023-06-29,telegram,social,promo,,2,0,0,
2023-06-29,vc,cpp,dod-qa,,2,0,0,
2023-06-29,vk,cpc,freemium-java,1523.0000000000000000,2,0,0,
2023-06-29,yandex,cpc,base-professions-retarget,378.0000000000000000,2,0,0,
2023-06-29,admitad,cpc,"442763",,1,0,0,
2023-06-29,facebook,cpm,freemium-en,,1,0,0,
2023-06-29,instagram,social,hexlet-blog,,1,0,0,
2023-06-29,instagram,social,prof-python,,1,0,0,
2023-06-29,partners,cpm,all,,1,0,0,
2023-06-29,telegram,cpm,base,,1,0,0,
2023-06-29,telegram,cpp,dod-data-analytics,,1,0,0,
2023-06-29,telegram,cpp,dod-frontend,,1,0,0,
2023-06-29,telegram,cpp,prof-frontend,,1,0,0,
2023-06-29,telegram,social,analitik-dannyh,,1,0,0,
2023-06-29,telegram,social,dod-professions,,1,0,0,
2023-06-29,timepad,cpp,base-frontend,,1,0,0,
2023-06-29,twitter,social,hexlet-blog,,1,0,0,
2023-06-29,twitter.com,social,chto-napisat-v-soprovoditelnom-pisme-i,,1,0,0,
2023-06-29,vk,cpc,freemium,,1,0,0,
2023-06-29,vk,cpc,prof-data-analytics,,1,0,0,
2023-06-29,vk,social,all-courses,,1,0,0,
2023-06-29,vk,social,prof-data-analyst,,1,0,0,
2023-06-29,vk,social,unpack,,1,0,0,
2023-06-29,vk-senler,cpc,dod-frontend,,1,1,0,
2023-06-30,yandex,cpc,freemium,17861.000000000000,200,0,0,
2023-06-30,yandex,cpc,prof-python,37628.000000000000,179,0,0,
2023-06-30,yandex,cpc,prof-frontend,53195.000000000000,165,0,0,
2023-06-30,yandex,cpc,prof-java,37068.000000000000,125,0,0,
2023-06-30,yandex,cpc,base-python,11174.000000000000,77,0,0,
2023-06-30,yandex,cpc,base-java,7338.0000000000000000,64,0,0,
2023-06-30,yandex,cpc,prof-professions-brand,2821.0000000000000000,43,0,0,
2023-06-30,yandex,cpc,base-frontend,8231.0000000000000000,37,0,0,
2023-06-30,yandex,cpc,prof-data-analytics,,37,0,0,
2023-06-30,telegram,cpp,base-java,,29,0,0,
2023-06-30,yandex,cpc,dod-frontend,,20,0,0,
2023-06-30,yandex,cpc,prof-professions-retarget,1295.0000000000000000,19,0,0,
2023-06-30,telegram,social,hexlet-blog,,16,0,0,
2023-06-30,vk-senler,cpc,freemium,,16,0,0,
2023-06-30,vk-senler,cpc,base-python,,15,0,0,
2023-06-30,vk,cpc,prof-java,7529.0000000000000000,14,0,0,
2023-06-30,telegram,cpp,base-frontend,,13,0,0,
2023-06-30,telegram,cpp,base-python,,13,0,0,
2023-06-30,vk,cpc,freemium-python,2101.0000000000000000,12,1,0,
2023-06-30,yandex,cpc,dod-professions,,12,0,0,
2023-06-30,telegram,cpp,prof-java,,8,1,0,
2023-06-30,vk,cpc,freemium-frontend,2539.0000000000000000,8,0,0,
2023-06-30,yandex,cpc,dod-java,,8,0,0,
2023-06-30,telegram,cpp,prof-python,,7,1,0,
2023-06-30,vk,cpc,prof-python,4989.0000000000000000,7,0,0,
2023-06-30,yandex,cpc,dod-python-java,,7,0,0,
2023-06-30,vk,cpc,prof-frontend,4306.0000000000000000,6,1,0,
2023-06-30,vk,cpp,base-java,,6,0,0,
2023-06-30,vk,social,base-frontend,,5,0,0,
2023-06-30,yandex,cpc,base-professions-retarget,608.0000000000000000,5,0,0,
2023-06-30,yandex,cpc,dod-php,,5,0,0,
2023-06-30,yandex,cpc,dod-qa,6510.0000000000000000,5,0,0,
2023-06-30,vk,cpc,freemium-java,1524.0000000000000000,4,0,0,
2023-06-30,vk,cpc,base-python,2284.0000000000000000,3,0,0,
2023-06-30,vk,social,base-java,,3,0,0,
2023-06-30,facebook,social,hexlet-blog,,2,0,0,
2023-06-30,twitter,social,promo,,2,0,0,
2023-06-30,vk,cpp,base-frontend,,2,0,0,
2023-06-30,vk,social,all-courses,,2,0,0,
2023-06-30,vk,social,base-python,,2,0,0,
2023-06-30,vk,social,general,,2,0,0,
2023-06-30,vk,social,hexlet,,2,0,0,
2023-06-30,vk,social,prof-python,,2,0,0,
2023-06-30,admitad,cpc,"183258",,1,0,0,
2023-06-30,facebook,cpc,freemium,,1,0,0,
2023-06-30,partners,cpm,prof-data-analytics,,1,0,0,
2023-06-30,rutube,social,all-courses,,1,0,0,
2023-06-30,telegram,cpp,dod-java,,1,0,0,
2023-06-30,telegram,social,course_completed,,1,0,0,
2023-06-30,telegram,social,dod-professions,,1,0,0,
2023-06-30,telegram,social,ni-dlya-kogo-ne-sekret--chto-iz-knig-mozhno,,1,0,0,
2023-06-30,telegram.me,social,neobhodimyy-minimum-linux-dlya-produktivn,,1,0,0,
2023-06-30,tg,social,internship_summer23,,1,0,0,
2023-06-30,vk,cpc,frontend,,1,0,0,
2023-06-30,vk,cpc,yaintern,,1,0,0,
2023-06-30,vk,cpp,dod-qa,,1,0,0,
2023-06-30,vk,cpp,intensive-python,,1,0,0,
2023-06-30,vkontakte,social,button-vk,,1,0,0,
2023-06-30,zen,social,prof-frontend,,1,0,0,
